,Name,Nominations,winner,Role
0,Aaron Sorkin,6,0,Director
1,Adam McKay,5,1,Director
2,Akira Kurosawa,4,1,Director
3,Alan J. Pakula,8,4,Director
4,Alan Parker,13,3,Director
5,Alejandro G. Iñárritu,23,7,Director
6,Alex Garland,2,1,Director
7,Alexander Mackendrick,1,0,Director
8,Alexander Payne,6,0,Director
9,Alfonso Cuarón,27,10,Director
10,Alfred Hitchcock,33,2,Director
11,Andrew Adamson,2,1,Director
12,Andrew Davis,7,1,Director
13,Andrew Niccol,1,0,Director
14,Andrew Stanton,4,1,Director
15,Ang Lee,26,8,Director
16,Anthony Harvey,7,3,Director
17,Anthony Russo,3,0,Director
18,Antoine Fuqua,2,1,Director
19,Arthur Penn,10,2,Director
20,Barry Levinson,9,4,Director
21,Ben Affleck,8,3,Director
22,Bennett Miller,6,0,Director
23,Bernardo Bertolucci,9,9,Director
24,Billy Bob Thornton,2,1,Director
25,Billy Wilder,58,15,Director
26,Blake Edwards,5,2,Director
27,Bob Fosse,19,12,Director
28,Bob Persichetti,1,1,Director
29,Brad Bird,10,3,Director
30,Bradley Cooper,25,3,Director
31,Brian De Palma,4,1,Director
32,Bryan Singer,8,6,Director
33,Byron Howard,1,1,Director
34,Cameron Crowe,4,1,Director
35,Carol Reed,3,1,Director
36,Cecil B. DeMille,7,1,Director
37,Charles Chaplin,7,0,Director
38,Chris Columbus,5,0,Director
39,Christian Carion,1,0,Director
40,Christopher Miller,1,0,Director
41,Christopher Nolan,34,10,Director
42,Clint Eastwood,31,11,Director
43,Curtis Hanson,9,2,Director
44,Damien Chazelle,19,9,Director
45,Dan Gilroy,1,0,Director
46,Danis Tanovic,1,1,Director
47,Danny Boyle,11,8,Director
48,Darius Marder,6,2,Director
49,Darren Aronofsky,8,1,Director
50,David Cronenberg,1,0,Director
51,David Fincher,28,7,Director
52,David Lean,31,19,Director
53,David Lynch,10,0,Director
54,David Mackenzie,4,0,Director
55,David O. Russell,15,3,Director
56,David Yates,1,0,Director
57,Dean DeBlois,3,0,Director
58,Denis Villeneuve,18,3,Director
59,Deniz Gamze Ergüven,1,0,Director
60,Don Hall,1,1,Director
61,Dorota Kobiela,1,0,Director
62,Edgar Wright,3,0,Director
63,Edward Zwick,14,3,Director
64,Elia Kazan,28,13,Director
65,Ernst Lubitsch,2,0,Director
66,Ethan Coen,20,5,Director
67,F. Gary Gray,1,0,Director
68,Federico Fellini,5,2,Director
69,Felix van Groeningen,1,0,Director
70,Florian Henckel von Donnersmarck,1,1,Director
71,Francis Ford Coppola,22,5,Director
72,Frank Capra,21,6,Director
73,Frank Darabont,11,0,Director
74,Franklin J. Schaffner,13,7,Director
75,Fred Zinnemann,29,18,Director
76,Gabriele Muccino,1,0,Director
77,Garth Davis,6,0,Director
78,Gary Trousdale,8,2,Director
79,Gavin O'Connor,1,0,Director
80,Gene Saks,2,0,Director
81,George Cukor,18,10,Director
82,George Lucas,10,6,Director
83,George Miller,10,6,Director
84,George Roy Hill,17,11,Director
85,George Seaton,4,3,Director
86,George Stevens,10,1,Director
87,Gore Verbinski,5,0,Director
88,Gregory Hoblit,1,0,Director
89,Greta Gerwig,14,3,Director
90,Guillermo del Toro,6,3,Director
91,Gus Van Sant,9,2,Director
92,Guy Hamilton,1,1,Director
93,Guy Ritchie,2,0,Director
94,Hal Ashby,2,1,Director
95,Henry Koster,2,1,Director
96,Henry Selick,1,0,Director
97,Howard Hawks,2,0,Director
98,Ivan Reitman,2,0,Director
99,J. Lee Thompson,2,0,Director
100,J.J. Abrams,5,1,Director
101,James Cameron,38,21,Director
102,James Foley,1,0,Director
103,James Frawley,2,0,Director
104,James Gunn,3,0,Director
105,James Ivory,8,0,Director
106,James L. Brooks,7,2,Director
107,James Mangold,12,3,Director
108,James Marsh,5,1,Director
109,James Whale,1,0,Director
110,Jean-Marc Vallée,6,3,Director
111,Jean-Pierre Jeunet,5,0,Director
112,Jessie Nelson,1,0,Director
113,Jim Sheridan,10,0,Director
114,Joe Wright,11,1,Director
115,Joel Coen,12,2,Director
116,John Boorman,3,0,Director
117,John Carney,1,1,Director
118,John Ford,22,6,Director
119,John Frankenheimer,2,0,Director
120,John G. Avildsen,10,3,Director
121,John Huston,16,5,Director
122,John Lasseter,4,0,Director
123,John Lee Hancock,2,1,Director
124,John McTiernan,5,0,Director
125,John Schlesinger,7,3,Director
126,John Sturges,4,0,Director
127,Jon Avnet,2,0,Director
128,Jon Favreau,2,0,Director
129,Jonathan Dayton,4,2,Director
130,Jonathan Demme,12,7,Director
131,Jonathan Lynn,1,1,Director
132,Jordan Peele,4,1,Director
133,Joseph L. Mankiewicz,4,0,Director
134,Josh Cooley,2,1,Director
135,Ken Annakin,5,2,Director
136,Kenneth Branagh,13,4,Director
137,Kenneth Lonergan,6,2,Director
138,Kevin Macdonald,1,1,Director
139,Lana Wachowski,4,4,Director
140,Lars von Trier,2,0,Director
141,Lasse Hallström,1,0,Director
142,Lee Unkrich,7,4,Director
143,Lenny Abrahamson,4,1,Director
144,Lewis Milestone,13,2,Director
145,Luc Besson,1,0,Director
146,Luca Guadagnino,4,1,Director
147,M. Night Shyamalan,6,0,Director
148,Marc Forster,7,1,Director
149,Mark Rydell,10,3,Director
150,Martin Brest,6,1,Director
151,Martin Campbell,1,0,Director
152,Martin McDonagh,1,0,Director
153,Martin Scorsese,33,6,Director
154,Matt Reeves,1,0,Director
155,Matt Ross,1,0,Director
156,Mel Brooks,5,0,Director
157,Mel Gibson,19,7,Director
158,Merian C. Cooper,7,4,Director
159,Michael Cimino,9,5,Director
160,Michael Curtiz,12,6,Director
161,Michael Haneke,5,1,Director
162,Michael Mann,9,1,Director
163,Michael Powell,5,2,Director
164,Michel Gondry,2,1,Director
165,Michel Hazanavicius,10,5,Director
166,Mike Leigh,5,0,Director
167,Mike Newell,2,0,Director
168,Mike Nichols,20,6,Director
169,Milos Forman,11,8,Director
170,Morten Tyldum,8,1,Director
171,Nathan Greno,1,0,Director
172,Neil Burger,2,0,Director
173,Neill Blomkamp,4,0,Director
174,Nicolas Winding Refn,1,0,Director
175,Noah Baumbach,6,1,Director
176,Norman Jewison,19,9,Director
177,Oliver Stone,16,6,Director
178,Orson Welles,9,1,Director
179,Otto Preminger,12,1,Director
180,Paul Greengrass,9,3,Director
181,Paul Haggis,6,3,Director
182,Paul Thomas Anderson,14,2,Director
183,Penny Marshall,3,0,Director
184,Pete Docter,15,7,Director
185,Peter Bogdanovich,12,3,Director
186,Peter Farrelly,5,3,Director
187,Peter Jackson,36,17,Director
188,Peter Weir,7,1,Director
189,Philip Kaufman,8,4,Director
190,Quentin Tarantino,23,5,Director
191,Raoul Walsh,1,0,Director
192,Rian Johnson,1,0,Director
193,Rich Moore,1,0,Director
194,Richard Attenborough,11,8,Director
195,Richard Brooks,6,0,Director
196,Richard Donner,1,0,Director
197,Richard Lester,2,0,Director
198,Richard Linklater,8,1,Director
199,Ridley Scott,29,8,Director
200,Rob Reiner,8,1,Director
201,Robert Aldrich,9,2,Director
202,Robert Altman,2,1,Director
203,Robert Benton,9,5,Director
204,Robert Mulligan,8,3,Director
205,Robert Redford,6,4,Director
206,Robert Rossen,9,2,Director
207,Robert Stevenson,13,5,Director
208,Robert Wise,10,5,Director
209,Robert Zemeckis,26,10,Director
210,Roger Allers,5,2,Director
211,Roland Joffé,7,3,Director
212,Roman Polanski,20,5,Director
213,Ron Clements,10,4,Director
214,Ron Howard,25,6,Director
215,Ryan Coogler,1,0,Director
216,Sam Mendes,29,11,Director
217,Sam Peckinpah,2,0,Director
218,Scott Hicks,7,1,Director
219,Sean Baker,1,0,Director
220,Sean Penn,2,0,Director
221,Sergio Pablos,1,0,Director
222,Sidney Lumet,26,5,Director
223,Sofia Coppola,4,1,Director
224,Spike Jonze,8,1,Director
225,Spike Lee,5,0,Director
226,Stanley Donen,4,1,Director
227,Stanley Kramer,25,4,Director
228,Stanley Kubrick,26,9,Director
229,Stephen Chbosky,1,0,Director
230,Stephen Daldry,3,0,Director
231,Stephen Frears,4,0,Director
232,Steve McQueen,9,3,Director
233,Steven Spielberg,77,27,Director
234,Stuart Rosenberg,4,1,Director
235,Taika Waititi,6,1,Director
236,Tate Taylor,4,1,Director
237,Taylor Hackford,6,2,Director
238,Terrence Malick,11,1,Director
239,Terry George,3,0,Director
240,Terry Gilliam,5,0,Director
241,Theodore Melfi,3,0,Director
242,Tim Burton,4,2,Director
243,Todd Phillips,11,2,Director
244,Tom Hooper,12,4,Director
245,Tom McCarthy,7,2,Director
246,Tomm Moore,2,0,Director
247,Tony Bancroft,3,0,Director
248,Tony Kaye,1,0,Director
249,Travis Knight,2,0,Director
250,Trey Parker,1,0,Director
251,Victor Fleming,19,10,Director
252,Vincent Paronnaud,1,0,Director
253,W.S. Van Dyke,4,0,Director
254,Wes Anderson,15,4,Director
255,William Friedkin,18,7,Director
256,William Wyler,30,21,Director
257,Wolfgang Petersen,6,0,Director
258,Wolfgang Reitherman,2,1,Director
259,Woody Allen,25,8,Director
0,Aaron Eckhart,8,2,Actor
1,Adam Baldwin,1,0,Actor
2,Adam Driver,6,1,Actor
3,Adil Hussain,11,4,Actor
4,Adrian Molina,2,2,Actor
5,Adrien Brody,16,7,Actor
6,Agnes Moorehead,9,1,Actor
7,Akira Terao,4,1,Actor
8,Al Pacino,44,5,Actor
9,Alan Alda,6,1,Actor
10,Alan Arkin,8,3,Actor
11,Alan Badel,1,0,Actor
12,Alan Rickman,4,0,Actor
13,Albert Brooks,9,1,Actor
14,Albert Finney,1,0,Actor
15,Aldo Silvani,2,1,Actor
16,Alec Baldwin,1,0,Actor
17,Alec Cawthorne,4,0,Actor
18,Alec Guinness,29,20,Actor
19,Alex Sharp,6,0,Actor
20,Alexander Gould,4,1,Actor
21,Alexandre Tharaud,5,1,Actor
22,Alicia Vikander,2,1,Actor
23,Alida Valli,3,1,Actor
24,Alison Crosbie,7,0,Actor
25,Alison Doody,3,1,Actor
26,Allen Garfield,3,0,Actor
27,Allen Leech,8,1,Actor
28,Allison Williams,4,1,Actor
29,Amira Casar,4,1,Actor
30,Amy Adams,20,4,Actor
31,Amy Poehler,2,1,Actor
32,Amy Ryan,9,1,Actor
33,Ana de Armas,6,2,Actor
34,Andie MacDowell,1,0,Actor
35,Andrea Riseborough,9,4,Actor
36,Andrew Garfield,14,5,Actor
37,Andrew Marton,5,2,Actor
38,Andy Devine,7,2,Actor
39,Andy Serkis,4,0,Actor
40,Angela Bassett,3,0,Actor
41,Angela Lansbury,2,0,Actor
42,Angelina Jolie,3,0,Actor
43,Angus Macfadyen,10,5,Actor
44,Anjelica Huston,1,0,Actor
45,Ann Reinking,9,4,Actor
46,Anna Faris,4,1,Actor
47,Annalise Basso,1,0,Actor
48,Anne Bancroft,15,1,Actor
49,Anne Baxter,7,1,Actor
50,Anne Hathaway,5,1,Actor
51,Annette Bening,8,5,Actor
52,Annie Corley,1,0,Actor
53,Annie Potts,2,1,Actor
54,Ansel Elgort,3,0,Actor
55,Anthony Gonzalez,2,2,Actor
56,Anthony Hopkins,30,8,Actor
57,Anthony Michael Hall,1,0,Actor
58,Anthony Perkins,4,0,Actor
59,Anthony Quinn,12,8,Actor
60,Anton Walbrook,5,2,Actor
61,Ariadna Gil,6,3,Actor
62,Ariane Labed,1,0,Actor
63,Armando Brancia,3,1,Actor
64,Armie Hammer,4,1,Actor
65,Armin Mueller-Stahl,8,1,Actor
66,Arnold Lucy,13,2,Actor
67,Arnold Schwarzenegger,7,4,Actor
68,Art Parkinson,2,0,Actor
69,Arthur O'Connell,7,0,Actor
70,Arthur Rosson,2,0,Actor
71,Ash Brannon,1,0,Actor
72,Audrey Hepburn,37,15,Actor
73,Audrey Tautou,5,0,Actor
74,Auli'i Cravalho,2,0,Actor
75,Azhy Robertson,6,1,Actor
76,BD Wong,3,0,Actor
77,Barbara Bel Geddes,2,0,Actor
78,Barbara Hershey,7,3,Actor
79,Barbara Stanwyck,7,0,Actor
80,Barkhad Abdi,6,0,Actor
81,Barkhad Abdirahman,6,0,Actor
82,Barry Cook,3,0,Actor
83,Barry Fitzgerald,7,2,Actor
84,Barry Keoghan,8,3,Actor
85,Basil Rathbone,4,3,Actor
86,Ben Affleck,17,5,Actor
87,Ben Foster,6,0,Actor
88,Ben Gazzara,7,0,Actor
89,Ben Hardy,5,4,Actor
90,Ben Johnson,8,2,Actor
91,Ben Kingsley,23,15,Actor
92,Ben Stiller,1,0,Actor
93,Benedict Cumberbatch,9,1,Actor
94,Benicio Del Toro,5,0,Actor
95,Benjamin Bratt,2,2,Actor
96,Benno Fürmann,1,0,Actor
97,Bernhard Wicki,5,2,Actor
98,Bette Davis,5,1,Actor
99,Beverly D'Angelo,1,0,Actor
100,Biff McGuire,2,0,Actor
101,Bill Bernstein,3,0,Actor
102,Bill Hader,2,1,Actor
103,Bill McKinney,1,0,Actor
104,Bill Murray,9,1,Actor
105,Bill Paxton,10,2,Actor
106,Billy Bob Thornton,2,1,Actor
107,Billy Connolly,4,0,Actor
108,Billy Crudup,5,1,Actor
109,Billy Crystal,5,1,Actor
110,Billy Zane,16,12,Actor
111,Björk,1,0,Actor
112,Bo Hopkins,6,2,Actor
113,Bob Balaban,2,0,Actor
114,Bob Gunton,7,0,Actor
115,Bob Hoskins,6,3,Actor
116,Bob Odenkirk,6,0,Actor
117,Bob Peterson,6,3,Actor
118,Bonnie Bedelia,4,0,Actor
119,Bonnie Hunt,4,0,Actor
120,Boris Karloff,1,0,Actor
121,Boyd Holbrook,1,0,Actor
122,Brad Davis,6,2,Actor
123,Brad Dourif,7,1,Actor
124,Brad Garrett,5,1,Actor
125,Brad Pitt,43,8,Actor
126,Bradley Cooper,35,4,Actor
127,Bradley Whitford,4,1,Actor
128,Branko Djuric,1,1,Actor
129,Brenda Blethyn,16,1,Actor
130,Brendan Gleeson,3,0,Actor
131,Bria Vinaite,1,0,Actor
132,Brian Howe,1,0,Actor
133,Brie Larson,4,1,Actor
134,Brooke Adams,4,1,Actor
135,Brooklynn Prince,1,0,Actor
136,Bruce Bennett,4,3,Actor
137,Bruce Cabot,7,4,Actor
138,Bruce Davison,1,0,Actor
139,Bruce Dern,6,0,Actor
140,Bruce Reitherman,2,1,Actor
141,Bruce Willis,19,1,Actor
142,Bruno Kirby,2,0,Actor
143,Bruno Zanin,3,1,Actor
144,Bryan Cranston,10,3,Actor
145,Bryce Dallas Howard,4,1,Actor
146,Buddy Ebsen,5,2,Actor
147,Burl Ives,10,1,Actor
148,Burt Lancaster,24,10,Actor
149,Burt Reynolds,6,0,Actor
150,Burt Young,10,3,Actor
151,Buzz Kilman,5,2,Actor
152,Byron Barr,7,0,Actor
153,Byron Howard,1,0,Actor
154,Bérénice Bejo,10,5,Actor
155,Caitriona Balfe,4,2,Actor
156,Cameron Diaz,5,1,Actor
157,Carey Mulligan,1,0,Actor
158,Carl Weathers,11,3,Actor
159,Carlos Martínez López,1,0,Actor
160,Carlos Peralta,10,3,Actor
161,Carol Kane,5,4,Actor
162,Carole Lombard,2,0,Actor
163,Caroline Goodall,12,7,Actor
164,Carrie Fisher,11,6,Actor
165,Carrie Henn,7,2,Actor
166,Carrie-Anne Moss,6,4,Actor
167,Carroll Baker,10,1,Actor
168,Cary Elwes,6,3,Actor
169,Cary Grant,13,3,Actor
170,Casey Affleck,7,2,Actor
171,Cate Blanchett,14,3,Actor
172,Catherine Deneuve,2,0,Actor
173,Catherine Keener,15,1,Actor
174,Cathy Moriarty,8,2,Actor
175,Cecil Parker,1,0,Actor
176,Celia Johnson,3,0,Actor
177,Charles Bronson,8,1,Actor
178,Charles Chaplin,7,0,Actor
179,Charles Durning,10,7,Actor
180,Charles Fleischer,6,3,Actor
181,Charles Laughton,12,4,Actor
182,Charles Martin Smith,4,1,Actor
183,Charley Grapewin,7,2,Actor
184,Charlie Sheen,8,4,Actor
185,Charlize Theron,12,6,Actor
186,Charlotte Rampling,5,0,Actor
187,Charlton Heston,21,12,Actor
188,Chazz Palminteri,2,2,Actor
189,Chiara Mastroianni,1,0,Actor
190,Chief Dan George,1,0,Actor
191,Chiwetel Ejiofor,14,3,Actor
192,Chris Evans,3,0,Actor
193,Chris Hemsworth,1,0,Actor
194,Chris O'Donnell,6,1,Actor
195,Chris Pine,9,1,Actor
196,Chris Pratt,4,0,Actor
197,Chris Sanders,2,0,Actor
198,Chris Sarandon,1,0,Actor
199,Chris Williams,3,1,Actor
200,Christian Bale,35,7,Actor
201,Christoph Waltz,5,2,Actor
202,Christopher Lloyd,11,4,Actor
203,Christopher Mintz-Plasse,2,0,Actor
204,Christopher Plummer,34,10,Actor
205,Christopher Reeve,8,0,Actor
206,Christopher Rivera,1,0,Actor
207,Christopher Walken,11,5,Actor
208,Ciarán Hinds,9,2,Actor
209,Claire Bloom,3,0,Actor
210,Claire Rushbrook,5,0,Actor
211,Claire Trevor,7,2,Actor
212,Clark Gable,18,13,Actor
213,Claude Rains,21,4,Actor
214,Claudette Colbert,5,5,Actor
215,Cleavon Little,3,0,Actor
216,Clifton Powell,6,2,Actor
217,Clifton Webb,5,1,Actor
218,Clint Eastwood,18,8,Actor
219,Clive Owen,3,0,Actor
220,Colin Clive,1,0,Actor
221,Colin Farrell,2,0,Actor
222,Colin Firth,22,7,Actor
223,Colm Feore,3,0,Actor
224,Connie Nielsen,12,5,Actor
225,Corey Feldman,1,0,Actor
226,Corey Hawkins,1,0,Actor
227,Craig Bierko,3,0,Actor
228,Craig Ferguson,1,0,Actor
229,Craig T. Nelson,5,2,Actor
230,Crispin Glover,4,1,Actor
231,Cuba Gooding Jr.,7,2,Actor
232,Cybill Shepherd,12,2,Actor
233,Dafne Keen,1,0,Actor
234,Daisuke Ryû,4,1,Actor
235,Dakota Fanning,2,0,Actor
236,Dalia Hernández,3,0,Actor
237,Dan Aykroyd,2,0,Actor
238,Dana Andrews,13,8,Actor
239,Danai Gurira,1,0,Actor
240,Daniel Craig,12,3,Actor
241,Daniel Day-Lewis,17,3,Actor
242,Daniel Kaluuya,4,1,Actor
243,Daniel Mays,10,3,Actor
244,Daniel Radcliffe,7,0,Actor
245,Daniel Richter,4,1,Actor
246,Daniel Stern,2,0,Actor
247,Danny Aiello,3,0,Actor
248,Danny Glover,12,0,Actor
249,Danny Huston,2,0,Actor
250,Darryl F. Zanuck,5,2,Actor
251,Dave Bautista,6,2,Actor
252,David James,4,0,Actor
253,David Morse,5,0,Actor
254,David Rawle,1,0,Actor
255,David Silverman,4,1,Actor
256,David Tomlinson,13,5,Actor
257,Dean-Charles Chapman,10,3,Actor
258,Debbie Reynolds,2,0,Actor
259,Deborah Kara Unger,4,1,Actor
260,Deborah Kerr,13,8,Actor
261,Delroy Lindo,3,0,Actor
262,Demi Moore,4,0,Actor
263,Denholm Elliott,3,1,Actor
264,Dennis Hopper,1,0,Actor
265,Dennis Quaid,8,4,Actor
266,Denzel Washington,21,7,Actor
267,Derek Jacobi,25,8,Actor
268,Dev Patel,16,8,Actor
269,Diane Keaton,18,7,Actor
270,Diane Kruger,9,1,Actor
271,Diane Venora,7,0,Actor
272,Dianne Wiest,9,3,Actor
273,Dick Van Dyke,13,5,Actor
274,Dick York,4,0,Actor
275,Diego Cortina Autrey,10,3,Actor
276,Djimon Hounsou,8,0,Actor
277,Doga Zeynep Doguslu,1,0,Actor
278,Domhnall Gleeson,14,4,Actor
279,Don Cheadle,9,3,Actor
280,Don Gordon,1,0,Actor
281,Don Hall,2,0,Actor
282,Don Rickles,3,0,Actor
283,Don Taylor,3,1,Actor
284,Donald O'Connor,2,0,Actor
285,Donald Sutherland,10,4,Actor
286,Donna Murphy,1,0,Actor
287,Donna Reed,18,8,Actor
288,Dorothy Comingore,9,1,Actor
289,Doug McKeon,10,3,Actor
290,Douglas Booth,1,0,Actor
291,Dustin Hoffman,40,17,Actor
292,Dwight Yoakam,2,1,Actor
293,Ed Harris,30,15,Actor
294,Eddie Albert,10,3,Actor
295,Eddie Murphy,5,1,Actor
296,Eddie Redmayne,11,1,Actor
297,Edgar Ramírez,3,3,Actor
298,Edmond O'Brien,3,0,Actor
299,Edmund Gwenn,4,3,Actor
300,Edward Arnold,11,1,Actor
301,Edward Asner,6,3,Actor
302,Edward Burns,11,5,Actor
303,Edward Fox,1,0,Actor
304,Edward Furlong,7,4,Actor
305,Edward G. Robinson,15,2,Actor
306,Edward James Olmos,2,0,Actor
307,Edward Norton,16,4,Actor
308,Eiza González,3,0,Actor
309,Eleanor Bron,2,0,Actor
310,Eleanor Parker,10,5,Actor
311,Eli Roth,8,1,Actor
312,Eli Wallach,3,0,Actor
313,Elijah Smith,6,1,Actor
314,Elijah Wood,30,17,Actor
315,Elit Iscan,1,0,Actor
316,Eliza Scanlen,14,3,Actor
317,Elizabeth Banks,1,0,Actor
318,Elizabeth Berridge,11,8,Actor
319,Elizabeth Berrington,1,0,Actor
320,Elizabeth Taylor,29,6,Actor
321,Ellar Coltrane,6,1,Actor
322,Ellen Burstyn,11,2,Actor
323,Ellen DeGeneres,4,1,Actor
324,Elliot Page,8,4,Actor
325,Elliott Gould,1,1,Actor
326,Elpidia Carrillo,1,0,Actor
327,Elsa Lanchester,7,0,Actor
328,Emeric Pressburger,5,2,Actor
329,Emile Hirsch,2,0,Actor
330,Emilia Fox,7,3,Actor
331,Emily Blunt,3,0,Actor
332,Emily Mortimer,1,0,Actor
333,Emily Watson,1,0,Actor
334,Emma Stone,18,7,Actor
335,Emma Thompson,15,1,Actor
336,Emma Watson,18,3,Actor
337,Emmanuelle Riva,5,1,Actor
338,Emmy Rossum,6,2,Actor
339,Eric Bana,4,2,Actor
340,Eric Schweig,2,1,Actor
341,Eric Sykes,1,0,Actor
342,Erich von Stroheim,11,3,Actor
343,Ernest B. Schoedsack,7,4,Actor
344,Ernest Borgnine,6,1,Actor
345,Errol Flynn,4,3,Actor
346,Ethan Coen,12,2,Actor
347,Ethan Hawke,15,3,Actor
348,Eva Green,1,0,Actor
349,Eva Marie Saint,3,0,Actor
350,Evan McGuire,1,0,Actor
351,Evan Rachel Wood,2,0,Actor
352,Ewan McGregor,6,2,Actor
353,Ewen Bremner,1,0,Actor
354,F. Murray Abraham,20,12,Actor
355,Farley Granger,1,0,Actor
356,Fay Wray,7,4,Actor
357,Faye Dunaway,31,7,Actor
358,Felicity Jones,5,1,Actor
359,Felix Bressart,2,0,Actor
360,Fernando Rey,8,5,Actor
361,Filip Sovagovic,1,1,Actor
362,Fionn Whitehead,8,3,Actor
363,Fionnula Flanagan,1,0,Actor
364,Florence Pugh,14,3,Actor
365,Forest Whitaker,9,2,Actor
366,Frances Conroy,11,2,Actor
367,Frances McDormand,18,4,Actor
368,Frances Sternhagen,1,1,Actor
369,Frank Finlay,7,3,Actor
370,Frank Langella,5,0,Actor
371,Frank Overton,8,3,Actor
372,Frank Oz,2,0,Actor
373,Frank Sinatra,2,0,Actor
374,Frank Vincent,8,2,Actor
375,François Truffaut,9,2,Actor
376,Fred MacMurray,17,5,Actor
377,Frederic Forrest,11,2,Actor
378,Fredric March,12,7,Actor
379,Freida Pinto,10,8,Actor
380,Gabriel Byrne,2,2,Actor
381,Gabrielle Anwar,6,1,Actor
382,Gael García Bernal,2,2,Actor
383,Gary Busey,1,0,Actor
384,Gary Cooper,7,4,Actor
385,Gary Lockwood,4,1,Actor
386,Gary Oldman,10,2,Actor
387,Gary Sinise,22,8,Actor
388,Gattlin Griffith,3,0,Actor
389,Geert Van Rampelberg,1,0,Actor
390,Gena Rowlands,1,0,Actor
391,Gene Hackman,38,12,Actor
392,Gene Kelly,8,0,Actor
393,Gene Lockhart,4,3,Actor
394,Gene Tierney,5,1,Actor
395,Gene Wilder,5,0,Actor
396,Geoffrey Rush,24,5,Actor
397,George C. Scott,23,9,Actor
398,George Clooney,14,7,Actor
399,George Cukor,19,10,Actor
400,George Harrison,2,0,Actor
401,George Kennedy,4,1,Actor
402,George MacKay,11,3,Actor
403,George Peppard,5,2,Actor
404,George Raft,6,1,Actor
405,George Sanders,11,2,Actor
406,George Segal,13,5,Actor
407,Georges Siatidis,1,1,Actor
408,Gerald R. Molen,8,4,Actor
409,Geraldine Chaplin,10,5,Actor
410,Gerard Butler,3,0,Actor
411,Gerard Hendrick,1,1,Actor
412,Gerardo Taracena,3,0,Actor
413,Gerd Oswald,5,2,Actor
414,Gerry Robert Byrne,2,1,Actor
415,Gert Fröbe,1,1,Actor
416,Gil Birmingham,4,0,Actor
417,Gillian Anderson,1,1,Actor
418,Ginnifer Goodwin,6,2,Actor
419,Giovanni Ribisi,4,1,Actor
420,Giulietta Masina,2,1,Actor
421,Gladys George,3,0,Actor
422,Glen Hansard,1,1,Actor
423,Gloria Swanson,11,3,Actor
424,Glynis Johns,13,5,Actor
425,Gore Vidal,1,0,Actor
426,Grace Kelly,11,4,Actor
427,Graham Norton,3,2,Actor
428,Greg Grunberg,25,3,Actor
429,Greg Kinnear,11,4,Actor
430,Gregory Peck,20,6,Actor
431,Guillaume Canet,1,0,Actor
432,Guy Pearce,11,2,Actor
433,Gwilym Lee,5,4,Actor
434,Gwyneth Paltrow,3,0,Actor
435,Günes Sensoy,1,0,Actor
436,Haaz Sleiman,1,0,Actor
437,Hailee Steinfeld,12,1,Actor
438,Haing S. Ngor,7,3,Actor
439,Haley Joel Osment,6,0,Actor
440,Hardy Krüger,7,4,Actor
441,Harold Ramis,2,0,Actor
442,Harrison Ford,36,15,Actor
443,Hartley Power,10,3,Actor
444,Harvey Keitel,10,0,Actor
445,Harvey Korman,3,0,Actor
446,Haya Harareet,12,11,Actor
447,Heath Ledger,16,5,Actor
448,Helen Hunt,9,2,Actor
449,Helena Bonham Carter,12,4,Actor
450,Helmut Griem,10,8,Actor
451,Henry Bergman,2,0,Actor
452,Henry Fonda,20,5,Actor
453,Henry Travers,1,0,Actor
454,Herb Edelman,2,0,Actor
455,Herbert Grönemeyer,6,0,Actor
456,Herbert Lom,1,0,Actor
457,Hiam Abbass,1,0,Actor
458,Hilary Swank,7,4,Actor
459,Holly Hunter,5,2,Actor
460,Honor Blackman,1,1,Actor
461,Howard Da Silva,7,4,Actor
462,Hubertus Bengsch,6,0,Actor
463,Huck Milner,1,0,Actor
464,Hugh Jackman,5,0,Actor
465,Hugh Walsh,1,1,Actor
466,Hugh Welchman,1,0,Actor
467,Humphrey Bogart,28,9,Actor
468,Ian Holm,1,0,Actor
469,Ian McKellen,37,17,Actor
470,Ingrid Bergman,10,3,Actor
471,Irene Miracle,6,2,Actor
472,Irrfan Khan,11,4,Actor
473,Irving Metzman,1,0,Actor
474,Isaac Hayes,1,0,Actor
475,Isabella Rossellini,1,0,Actor
476,Isabelle Huppert,5,1,Actor
477,Ivana Baquero,6,3,Actor
478,Izabela Vidovic,1,0,Actor
479,J.D. Cannon,4,1,Actor
480,J.K. Simmons,20,9,Actor
481,J.T. Walsh,2,1,Actor
482,Jack Benny,2,0,Actor
483,Jack Carson,6,0,Actor
484,Jack Hawkins,30,25,Actor
485,Jack Kehoe,2,0,Actor
486,Jack Lemmon,27,8,Actor
487,Jack McBrayer,1,0,Actor
488,Jack Nicholson,27,7,Actor
489,Jack Oakie,5,0,Actor
490,Jack Warden,15,5,Actor
491,Jacki Weaver,8,1,Actor
492,Jackie Gleason,9,2,Actor
493,Jacob Tremblay,5,1,Actor
494,Jaden Smith,1,0,Actor
495,Jae Head,2,1,Actor
496,Jake Gyllenhaal,10,3,Actor
497,Jake Johnson,1,1,Actor
498,James Caan,12,4,Actor
499,James Cagney,1,0,Actor
500,James Coburn,2,1,Actor
501,James Cromwell,10,5,Actor
502,James Dean,14,2,Actor
503,James Earl Jones,5,2,Actor
504,James Fleet,7,1,Actor
505,James Garner,1,0,Actor
506,James Mason,8,0,Actor
507,James McAvoy,9,2,Actor
508,James Rebhorn,6,1,Actor
509,James Stewart,38,4,Actor
510,James Woods,1,0,Actor
511,Jamie Bell,3,0,Actor
512,Jamie Chung,1,1,Actor
513,Jamie Draven,3,0,Actor
514,Jamie Foxx,14,6,Actor
515,Jamie Lee Curtis,1,0,Actor
516,Jan Pinkava,5,1,Actor
517,Jane Alexander,9,5,Actor
518,Jane Darwell,7,2,Actor
519,Jane Fonda,10,3,Actor
520,Jane Galloway Heitz,1,0,Actor
521,Jane Lynch,1,0,Actor
522,Jane Wyman,7,4,Actor
523,Janelle Monáe,3,0,Actor
524,Janet Leigh,6,0,Actor
525,Jared Bush,1,1,Actor
526,Jared Gilman,1,0,Actor
527,Jared Leto,7,3,Actor
528,Jason Bateman,1,1,Actor
529,Jason Cope,4,0,Actor
530,Jason Lee,4,2,Actor
531,Jason Mitchell,1,0,Actor
532,Jason Patric,1,0,Actor
533,Jason Robards,3,0,Actor
534,Jason Schwartzman,3,0,Actor
535,Javier Bardem,13,6,Actor
536,Jay Baruchel,10,4,Actor
537,Jean Arthur,11,1,Actor
538,Jean Dujardin,10,5,Actor
539,Jean Heywood,3,0,Actor
540,Jean Simmons,6,4,Actor
541,Jean-Louis Trintignant,5,1,Actor
542,Jean-Marc Barr,1,0,Actor
543,Jeff Bridges,26,3,Actor
544,Jeff Daniels,1,0,Actor
545,Jeff Goldblum,3,3,Actor
546,Jeffrey Wright,1,0,Actor
547,Jennifer Connelly,14,4,Actor
548,Jennifer Garner,6,3,Actor
549,Jennifer Jason Leigh,3,1,Actor
550,Jennifer Lawrence,8,1,Actor
551,Jennifer Lien,1,0,Actor
552,Jennifer Morrison,1,0,Actor
553,Jennifer Saunders,1,0,Actor
554,Jeremy Irons,5,2,Actor
555,Jeremy Renner,8,1,Actor
556,Jeremy Strong,6,0,Actor
557,Jerome Flynn,1,0,Actor
558,Jerry Nelson,2,0,Actor
559,Jerry O'Connell,1,0,Actor
560,Jesse Corti,8,2,Actor
561,Jesse Eisenberg,8,3,Actor
562,Jessica Biel,2,0,Actor
563,Jessica Chastain,12,1,Actor
564,Jessica Lange,10,4,Actor
565,Jessica Tandy,3,0,Actor
566,Jessie Royce Landis,3,0,Actor
567,Jim Carrey,5,1,Actor
568,Jim Caviezel,7,0,Actor
569,Jim Henson,2,0,Actor
570,Jim Varney,3,0,Actor
571,Jinpachi Nezu,4,1,Actor
572,Joan Allen,3,3,Actor
573,Joan Chen,9,9,Actor
574,Joan Crawford,5,1,Actor
575,Joan Cusack,5,2,Actor
576,Joan Fontaine,11,2,Actor
577,Joanna Cassidy,6,3,Actor
578,Joanne Dru,2,0,Actor
579,Joaquin Phoenix,36,9,Actor
580,Jodi Benson,3,2,Actor
581,Jodie Foster,11,5,Actor
582,Joe Pantoliano,2,0,Actor
583,Joe Pesci,22,3,Actor
584,Joe Russo,3,0,Actor
585,Joel Coen,20,5,Actor
586,Joel Edgerton,1,0,Actor
587,Joel Grey,10,8,Actor
588,Johan Heldenbergh,1,0,Actor
589,John Buckwalter,2,0,Actor
590,John C. Reilly,1,0,Actor
591,John Carradine,14,4,Actor
592,John Cassavetes,6,2,Actor
593,John Castle,7,3,Actor
594,John Cazale,18,6,Actor
595,John Cusack,3,0,Actor
596,John Fiedler,5,0,Actor
597,John Gavin,4,0,Actor
598,John Gielgud,19,8,Actor
599,John Goodman,24,9,Actor
600,John Haycraft,8,0,Actor
601,John Heard,2,0,Actor
602,John Hillerman,4,1,Actor
603,John Hodgman,1,0,Actor
604,John Hodiak,4,0,Actor
605,John Hurt,10,1,Actor
606,John Huston,11,1,Actor
607,John Lennon,2,0,Actor
608,John Lone,9,9,Actor
609,John Mahoney,1,0,Actor
610,John Malkovich,16,3,Actor
611,John Matthews,4,0,Actor
612,John McGiver,7,3,Actor
613,John Megna,8,3,Actor
614,John Musker,10,4,Actor
615,John Payne,4,3,Actor
616,John Randolph,2,0,Actor
617,John Ratzenberger,6,3,Actor
618,John Rhys-Davies,9,5,Actor
619,John Ritter,2,1,Actor
620,John Savage,9,5,Actor
621,John Travolta,7,1,Actor
622,John Turturro,5,0,Actor
623,John Wayne,17,4,Actor
624,John Wray,13,2,Actor
625,Johnny Depp,17,3,Actor
626,Jon Bernthal,10,2,Actor
627,Jon Hamm,3,0,Actor
628,Jon Voight,10,3,Actor
629,Jonah Hill,11,0,Actor
630,Jonathan Pryce,5,0,Actor
631,Jonathan Rhys Meyers,1,0,Actor
632,Jonny Lee Miller,1,0,Actor
633,Jordan Nagai,6,3,Actor
634,Josef Altin,1,0,Actor
635,Joseph A. Carpenter,1,0,Actor
636,Joseph Cotten,13,2,Actor
637,Joseph Gordon-Levitt,8,4,Actor
638,Josh Brolin,13,4,Actor
639,Josh Charles,4,1,Actor
640,Josh Hartnett,4,2,Actor
641,Joyce Carey,3,0,Actor
642,Judd Hirsch,6,4,Actor
643,Jude Law,3,0,Actor
644,Judi Dench,10,2,Actor
645,Judith Anderson,11,2,Actor
646,Judy Davis,3,0,Actor
647,Julia Greer,6,1,Actor
648,Julia Ormond,13,3,Actor
649,Julia Roberts,1,0,Actor
650,Julia Stiles,3,3,Actor
651,Julian Sands,7,3,Actor
652,Julianne Moore,17,1,Actor
653,Julie Andrews,23,10,Actor
654,Julie Christie,30,10,Actor
655,Julie Delpy,2,0,Actor
656,Julie Harris,4,1,Actor
657,Julie Kavner,3,0,Actor
658,Julie Walters,3,0,Actor
659,Juliette Lewis,1,0,Actor
660,June Squibb,6,0,Actor
661,Justin Braine,7,1,Actor
662,Justin Henry,9,5,Actor
663,Justin Timberlake,8,3,Actor
664,Jürgen Prochnow,6,0,Actor
665,Kagiso Kuypers,5,0,Actor
666,Kara Hayward,1,0,Actor
667,Karen Allen,9,5,Actor
668,Karina Arroyave,6,3,Actor
669,Karl Malden,34,19,Actor
670,Kasi Lemmons,7,5,Actor
671,Kate Hudson,4,1,Actor
672,Kate Mara,7,0,Actor
673,Kate Winslet,45,19,Actor
674,Katharine Hepburn,37,11,Actor
675,Katharine Houghton,10,2,Actor
676,Katharine Ross,14,5,Actor
677,Katherine Helmond,5,0,Actor
678,Kathy Bates,23,14,Actor
679,Katrin Cartlidge,1,0,Actor
680,Kazunari Ninomiya,4,1,Actor
681,Keanu Reeves,4,4,Actor
682,Keenan Wynn,4,0,Actor
683,Keir Dullea,4,1,Actor
684,Keira Knightley,24,2,Actor
685,Keith David,8,4,Actor
686,Kemp Powers,3,2,Actor
687,Ken Stott,3,0,Actor
688,Ken Watanabe,17,5,Actor
689,Kenneth Branagh,13,4,Actor
690,Keri Russell,1,0,Actor
691,Kerry Washington,12,5,Actor
692,Kevin Bacon,25,4,Actor
693,Kevin Costner,15,3,Actor
694,Kevin McKidd,1,0,Actor
695,Kevin Peter Hall,1,0,Actor
696,Kevin Spacey,19,9,Actor
697,Kim Basinger,9,2,Actor
698,Kim Greist,5,0,Actor
699,Kim Hunter,14,4,Actor
700,Kim Novak,2,0,Actor
701,Kirk Acevedo,7,0,Actor
702,Kirk Douglas,6,4,Actor
703,Kirk Wise,8,2,Actor
704,Klaus Wennemann,6,0,Actor
705,Kodi Smit-McPhee,1,0,Actor
706,Koyu Rankin,2,0,Actor
707,Kristen Wiig,7,0,Actor
708,Kurt Fuller,4,1,Actor
709,Kurt Russell,3,1,Actor
710,Kyle Chandler,6,2,Actor
711,Kyle MacLachlan,1,0,Actor
712,Lady Gaga,25,3,Actor
713,Lari White,2,0,Actor
714,Laura Dern,4,3,Actor
715,Laura Linney,4,0,Actor
716,Lauren Bacall,1,1,Actor
717,Lauren Ridloff,6,2,Actor
718,Laurence Fishburne,4,4,Actor
719,Laurence Harvey,2,0,Actor
720,Laurence Olivier,21,6,Actor
721,Lawrence A. Bonney,7,5,Actor
722,Lea Thompson,5,1,Actor
723,Lee Grant,7,5,Actor
724,Lee J. Cobb,25,10,Actor
725,Lee Marvin,5,1,Actor
726,Lee Remick,7,0,Actor
727,Lee Unkrich,9,2,Actor
728,Leland Palmer,9,4,Actor
729,Leo G. Carroll,1,0,Actor
730,Leo McKern,8,6,Actor
731,Leonard Frey,8,3,Actor
732,Leonard Nimoy,4,1,Actor
733,Leonardo DiCaprio,59,25,Actor
734,Lew Ayres,13,2,Actor
735,Lewis Black,2,1,Actor
736,Liam Aiken,6,1,Actor
737,Liam Cunningham,2,0,Actor
738,Liam Neeson,13,7,Actor
739,Liesel Matthews,2,0,Actor
740,Liev Schreiber,10,3,Actor
741,Lilly Wachowski,4,4,Actor
742,Linda Blair,10,2,Actor
743,Linda Cardellini,5,3,Actor
744,Linda Hamilton,6,4,Actor
745,Linda Larkin,5,2,Actor
746,Linda Manz,4,1,Actor
747,Lionel Barrymore,6,1,Actor
748,Lisa Hannigan,1,0,Actor
749,Liza Minnelli,10,8,Actor
750,Lloyd Bridges,7,4,Actor
751,Logan Lerman,2,0,Actor
752,Lorella Cravotta,5,0,Actor
753,Lori Martin,2,0,Actor
754,Lorraine Gary,4,3,Actor
755,Lou Romano,5,1,Actor
756,Louis Calhern,2,0,Actor
757,Louis Prima,2,1,Actor
758,Louis Wolheim,13,2,Actor
759,Louise Lemoine Torrès,1,0,Actor
760,Loveleen Tandan,10,8,Actor
761,Lubna Azabal,1,0,Actor
762,Lucas Hedges,6,2,Actor
763,Lucy Boynton,5,4,Actor
764,Luis Guzmán,3,0,Actor
765,Luke Bracey,6,2,Actor
766,Macaulay Culkin,2,0,Actor
767,Macdonald Carey,1,0,Actor
768,Mack Swain,2,0,Actor
769,Mackenzie Foy,5,1,Actor
770,Madeleine Stowe,2,1,Actor
771,Madeline Kahn,6,1,Actor
772,Magali Noël,3,1,Actor
773,Maggie Smith,3,0,Actor
774,Mahershala Ali,5,3,Actor
775,Malcolm McDowell,4,0,Actor
776,Mandy Moore,1,0,Actor
777,Mandy Patinkin,1,0,Actor
778,Marcia Gay Harden,2,0,Actor
779,Mare Winningham,4,0,Actor
780,Margaret Avery,11,0,Actor
781,Margaret Wycherly,1,0,Actor
782,Margot Robbie,5,0,Actor
783,Maribel Verdú,6,3,Actor
784,Mariel Hemingway,2,0,Actor
785,Marilyn Monroe,6,1,Actor
786,Marina de Tavira,10,3,Actor
787,Marisa Berenson,7,4,Actor
788,Marisa Tomei,3,1,Actor
789,Marius Goring,5,2,Actor
790,Marjane Satrapi,1,0,Actor
791,Mark Boone Junior,2,0,Actor
792,Mark Hamill,10,6,Actor
793,Mark Margolis,2,0,Actor
794,Mark Ruffalo,8,2,Actor
795,Mark Rydell,1,1,Actor
796,Mark Rylance,14,4,Actor
797,Mark Strong,2,0,Actor
798,Mark Wahlberg,15,6,Actor
799,Markéta Irglová,1,1,Actor
800,Marlene Dietrich,17,2,Actor
801,Marlon Brando,43,17,Actor
802,Marlon Wayans,1,0,Actor
803,Martin Balsam,11,4,Actor
804,Martin Freeman,6,0,Actor
805,Martin Landau,5,2,Actor
806,Martin Sheen,10,2,Actor
807,Martin Stringer,8,2,Actor
808,Martina Gedeck,1,1,Actor
809,Marty Feldman,2,0,Actor
810,Mary Astor,3,0,Actor
811,Mary Kay Bergman,1,0,Actor
812,Mary Steenburgen,1,0,Actor
813,Mary Stuart Masterson,2,0,Actor
814,Mary Tyler Moore,6,4,Actor
815,Mary-Louise Parker,2,0,Actor
816,Mathieu Amalric,9,4,Actor
817,Mathieu Kassovitz,5,0,Actor
818,Matt Damon,51,17,Actor
819,Matt Stone,1,0,Actor
820,Matthew Broderick,10,5,Actor
821,Matthew Goode,9,1,Actor
822,Matthew Macfadyen,4,0,Actor
823,Matthew McConaughey,18,4,Actor
824,Matthew Modine,1,0,Actor
825,Maureen O'Hara,11,5,Actor
826,Maureen O'Sullivan,4,0,Actor
827,Maurice Evans,2,0,Actor
828,Max von Sydow,11,2,Actor
829,Maxim Gaudette,1,0,Actor
830,Meat Loaf,1,0,Actor
831,Meg Ryan,1,0,Actor
832,Mel Gibson,11,5,Actor
833,Melinda Dillon,9,2,Actor
834,Melissa Benoist,5,3,Actor
835,Melissa Leo,8,2,Actor
836,Melvyn Douglas,2,1,Actor
837,Mervyn LeRoy,6,2,Actor
838,Meryl Streep,12,5,Actor
839,Mia Farrow,12,4,Actor
840,Michael B. Jordan,1,0,Actor
841,Michael Bates,4,0,Actor
842,Michael Biehn,7,2,Actor
843,Michael Caine,29,5,Actor
844,Michael Clarke Duncan,4,0,Actor
845,Michael Fassbender,9,3,Actor
846,Michael Gambon,1,0,Actor
847,Michael J. Fox,5,1,Actor
848,Michael J. Pollard,10,2,Actor
849,Michael Keaton,15,6,Actor
850,Michael Kenneth Williams,9,3,Actor
851,Michael Madsen,1,0,Actor
852,Michael Murphy,2,0,Actor
853,Michael Sheen,5,0,Actor
854,Michael Strong,10,7,Actor
855,Michael Stuhlbarg,12,2,Actor
856,Michael York,10,8,Actor
857,Michel Auclair,1,0,Actor
858,Michelle Monaghan,1,0,Actor
859,Michelle Pfeiffer,1,0,Actor
860,Michelle Rodriguez,9,3,Actor
861,Michelle Williams,14,5,Actor
862,Mick Lally,1,0,Actor
863,Mickey Rourke,2,0,Actor
864,Mike Myers,2,1,Actor
865,Mila Kunis,5,1,Actor
866,Miles Teller,5,3,Actor
867,Milla Jovovich,1,0,Actor
868,Ming-Na Wen,3,0,Actor
869,Miranda Richardson,6,0,Actor
870,Mitchell Ryan,1,0,Actor
871,Mitchell Whitfield,1,1,Actor
872,Moira Shearer,5,2,Actor
873,Molly Picon,8,3,Actor
874,Montgomery Clift,15,8,Actor
875,Morgan Freeman,29,11,Actor
876,Mustafa Kamel,1,0,Actor
877,Myrna Loy,12,7,Actor
878,Mélanie Laurent,8,1,Actor
879,Mélissa Désormeaux-Poulin,1,0,Actor
880,Nancy Olson,11,3,Actor
881,Naomi Watts,3,0,Actor
882,Naomie Harris,5,2,Actor
883,Nat Pendleton,4,0,Actor
884,Natalie Dessay,1,0,Actor
885,Natalie Portman,5,1,Actor
886,Nathalie Boltt,4,0,Actor
887,Ned Beatty,8,2,Actor
888,Neil Brown Jr.,1,0,Actor
889,Neil Patrick Harris,1,0,Actor
890,Nell Cattrysse,1,0,Actor
891,Nicholas Hoult,10,6,Actor
892,Nick Nolte,8,0,Actor
893,Nicole Kidman,6,0,Actor
894,Nigel Havers,6,0,Actor
895,Nina van Pallandt,1,1,Actor
896,Noah Emmerich,3,0,Actor
897,Nora Twomey,1,0,Actor
898,Norma Crane,8,3,Actor
899,Norman Taurog,6,2,Actor
900,O'Shea Jackson Jr.,1,0,Actor
901,Octavia Spencer,7,1,Actor
902,Oliver Reed,12,5,Actor
903,Olivia Cooke,6,2,Actor
904,Olivia Williams,6,0,Actor
905,Olivia de Havilland,4,3,Actor
906,Omar Sharif,10,5,Actor
907,Oprah Winfrey,11,0,Actor
908,Orlando Bloom,35,17,Actor
909,Orson Welles,12,2,Actor
910,Orto Ignatiussen,10,7,Actor
911,Oscar Isaac,2,1,Actor
912,Ossie Davis,2,0,Actor
913,Otto Preminger,3,1,Actor
914,Owen Wilson,5,1,Actor
915,Paddy Considine,3,0,Actor
916,Paige O'Hara,8,2,Actor
917,Paolo Bonacelli,6,2,Actor
918,Patricia Arquette,8,3,Actor
919,Patricia Neal,5,2,Actor
920,Patrick Fugit,4,1,Actor
921,Patrick Horgan,2,0,Actor
922,Patrick Magee,11,4,Actor
923,Patrick McGoohan,10,5,Actor
924,Patrick Stewart,2,0,Actor
925,Patton Oswalt,5,1,Actor
926,Paul Dano,8,2,Actor
927,Paul Freeman,9,5,Actor
928,Paul Giamatti,5,0,Actor
929,Paul Henreid,8,3,Actor
930,Paul McCartney,2,0,Actor
931,Paul Newman,41,14,Actor
932,Paul Raci,6,2,Actor
933,Paul Reiser,12,5,Actor
934,Paul Sanchez,2,0,Actor
935,Paul Scofield,8,6,Actor
936,Paulette Goddard,5,0,Actor
937,Penelope Allen,6,1,Actor
938,Perry Lopez,11,1,Actor
939,Pete Postlethwaite,7,0,Actor
940,Peter Boyle,2,0,Actor
941,Peter Bull,4,1,Actor
942,Peter Finch,10,4,Actor
943,Peter Lorre,3,0,Actor
944,Peter O'Toole,26,19,Actor
945,Peter Ramsey,1,1,Actor
946,Peter Sellers,7,1,Actor
947,Peter Stormare,1,0,Actor
948,Phil Harris,2,1,Actor
949,Phil Lord,1,0,Actor
950,Philip King,7,0,Actor
951,Philip Seymour Hoffman,9,0,Actor
952,Phillip Terry,7,4,Actor
953,Phylicia Rashad,1,0,Actor
954,Phyllis Logan,5,0,Actor
955,Piper Laurie,9,2,Actor
956,Polly Bergen,2,0,Actor
957,Pupella Maggio,3,1,Actor
958,Quinton Aaron,2,1,Actor
959,R. Lee Ermey,1,0,Actor
960,Rachel McAdams,12,3,Actor
961,Radha Mitchell,7,1,Actor
962,Ralph Fiennes,23,11,Actor
963,Ralph Macchio,1,1,Actor
964,Rami Malek,5,4,Actor
965,Randy Quaid,8,3,Actor
966,Raoul Max Trujillo,3,0,Actor
967,Rashida Jones,1,0,Actor
968,Ray Milland,7,4,Actor
969,Ray Walston,10,5,Actor
970,Raymond Massey,4,1,Actor
971,Reese Witherspoon,5,1,Actor
972,Regina King,6,2,Actor
973,Reginald Gardiner,5,0,Actor
974,Reginald VelJohnson,4,0,Actor
975,Rene Auberjonois,3,2,Actor
976,Rene Bitorajac,1,1,Actor
977,Rene Russo,1,0,Actor
978,Renée Zellweger,3,0,Actor
979,Rex Harrison,12,8,Actor
980,Rich Moore,1,1,Actor
981,Richard Armitage,6,0,Actor
982,Richard Attenborough,4,3,Actor
983,Richard Basehart,2,1,Actor
984,Richard Burton,13,5,Actor
985,Richard Dreyfuss,13,5,Actor
986,Richard Edson,2,0,Actor
987,Richard Farnsworth,2,1,Actor
988,Richard Gere,5,1,Actor
989,Richard Griffiths,2,0,Actor
990,Richard Harris,12,4,Actor
991,Richard Haydn,10,5,Actor
992,Richard Hunt,2,0,Actor
993,Richard Jenkins,1,0,Actor
994,Richard Thorpe,6,2,Actor
995,Richard Widmark,11,2,Actor
996,Ringo Starr,2,0,Actor
997,River Phoenix,1,0,Actor
998,Riz Ahmed,7,2,Actor
999,Rob Maxey,6,1,Actor
1000,Rob Minkoff,5,2,Actor
1001,Robby Benson,8,2,Actor
1002,Robert Armstrong,7,4,Actor
1003,Robert De Niro,64,11,Actor
1004,Robert Downey Jr.,6,0,Actor
1005,Robert Duvall,18,6,Actor
1006,Robert Gulaczyk,1,0,Actor
1007,Robert Mitchum,2,0,Actor
1008,Robert Morley,4,1,Actor
1009,Robert Patrick,11,5,Actor
1010,Robert Redford,25,15,Actor
1011,Robert Ryan,2,0,Actor
1012,Robert Sean Leonard,4,1,Actor
1013,Robert Shaw,22,16,Actor
1014,Robert Stack,2,0,Actor
1015,Robert Strauss,3,1,Actor
1016,Robert Walker,1,0,Actor
1017,Roberta Maxwell,5,2,Actor
1018,Robin Williams,21,5,Actor
1019,Robin Wright,20,6,Actor
1020,Rock Hudson,10,1,Actor
1021,Rod Steiger,29,18,Actor
1022,Rod Taylor,1,0,Actor
1023,Roddy McDowall,2,0,Actor
1024,Rodney Rothman,1,1,Actor
1025,Rohini Hattangadi,11,8,Actor
1026,Roman Griffin Davis,6,1,Actor
1027,Ronnie Del Carmen,2,1,Actor
1028,Ronny Cox,3,0,Actor
1029,Rooney Mara,24,5,Actor
1030,Rosamund Pike,1,0,Actor
1031,Roscoe Karns,5,5,Actor
1032,Rosemarie DeWitt,14,6,Actor
1033,Rosemary Murphy,8,3,Actor
1034,Roshan Seth,11,8,Actor
1035,Roy Dotrice,11,8,Actor
1036,Roy Scheider,21,12,Actor
1037,Ruby Dee,2,0,Actor
1038,Rudy Youngblood,3,0,Actor
1039,Rufus,5,0,Actor
1040,Rufus Sewell,2,0,Actor
1041,Ruocheng Ying,9,9,Actor
1042,Rupert Grint,7,0,Actor
1043,Russell Crowe,43,11,Actor
1044,Russell Means,2,1,Actor
1045,Rusty Schwimmer,2,0,Actor
1046,Rutger Hauer,2,0,Actor
1047,Ruth Gordon,2,1,Actor
1048,Ruth Hussey,6,2,Actor
1049,Ruth Nelson,3,0,Actor
1050,Ruth Roman,1,0,Actor
1051,Ryan Gosling,25,9,Actor
1052,Ryan O'Neal,11,5,Actor
1053,Ryan Potter,1,1,Actor
1054,Ryô Kase,4,1,Actor
1055,Sacha Baron Cohen,6,0,Actor
1056,Saeed Jaffrey,4,0,Actor
1057,Sally Field,13,6,Actor
1058,Sam Elliott,25,3,Actor
1059,Sam Neill,3,3,Actor
1060,Sam Rockwell,5,0,Actor
1061,Sam Shepard,12,5,Actor
1062,Sam Waterston,7,3,Actor
1063,Sam Wood,13,8,Actor
1064,Sam Worthington,15,5,Actor
1065,Samantha Isler,1,0,Actor
1066,Samantha Morton,4,0,Actor
1067,Samuel E. Wright,3,2,Actor
1068,Samuel L. Jackson,15,4,Actor
1069,Sandra Bullock,18,11,Actor
1070,Sandy Dennis,13,5,Actor
1071,Saoirse Ronan,21,4,Actor
1072,Sarah Bolger,3,0,Actor
1073,Sarah Jessica Parker,2,2,Actor
1074,Sarah Silverman,1,0,Actor
1075,Sarah Vowell,1,0,Actor
1076,Saurabh Shukla,10,8,Actor
1077,Scarlett Johansson,25,4,Actor
1078,Scott Adsit,1,1,Actor
1079,Scott Glenn,10,5,Actor
1080,Scott Weinger,5,2,Actor
1081,Seamus Davey-Fitzpatrick,1,0,Actor
1082,Sean Bean,13,4,Actor
1083,Sean Bridgers,4,1,Actor
1084,Sean Connery,12,3,Actor
1085,Sean Penn,16,2,Actor
1086,Sean Young,2,0,Actor
1087,Sebastian Cabot,2,1,Actor
1088,Sebastian Koch,1,1,Actor
1089,Sebastian Maniscalco,5,3,Actor
1090,Sela Ward,7,1,Actor
1091,Sergi López,6,3,Actor
1092,Sessue Hayakawa,8,7,Actor
1093,Shameik Moore,1,1,Actor
1094,Sharlto Copley,4,0,Actor
1095,Sharon Stone,1,0,Actor
1096,Shirley Eaton,1,1,Actor
1097,Shirley MacLaine,12,6,Actor
1098,Sidney Blackmer,2,1,Actor
1099,Sidney Poitier,17,7,Actor
1100,Sigourney Weaver,20,6,Actor
1101,Simon Pegg,4,1,Actor
1102,Sissy Spacek,1,0,Actor
1103,Slim Pickens,3,0,Actor
1104,Sondra Locke,1,0,Actor
1105,Sonia Todd,7,1,Actor
1106,Sonoya Mizuno,2,1,Actor
1107,Sophie Kennedy Clark,4,0,Actor
1108,Sophie Marceau,10,5,Actor
1109,Sophie Okonedo,3,0,Actor
1110,Sophie Perry,5,1,Actor
1111,Spencer Tracy,25,4,Actor
1112,Spike Lee,3,0,Actor
1113,Stanley Holloway,15,8,Actor
1114,Stellan Skarsgård,15,3,Actor
1115,Stephen Baldwin,2,2,Actor
1116,Stephen Boyd,12,11,Actor
1117,Stephen Young,10,7,Actor
1118,Sterling Hayden,5,1,Actor
1119,Steve Buscemi,7,2,Actor
1120,Steve Carell,9,3,Actor
1121,Steve Coogan,4,0,Actor
1122,Steve McQueen,5,0,Actor
1123,Steve Zahn,6,3,Actor
1124,Strother Martin,11,5,Actor
1125,Sully Boyar,6,1,Actor
1126,Sunny Pawar,6,0,Actor
1127,Suraj Sharma,11,4,Actor
1128,Suzanne Pleshette,1,0,Actor
1129,Sylvester Stallone,11,3,Actor
1130,Sylvia Miles,7,3,Actor
1131,Tabu,11,4,Actor
1132,Taika Waititi,6,1,Actor
1133,Talia Shire,10,3,Actor
1134,Tallulah Bankhead,4,0,Actor
1135,Taraji P. Henson,3,0,Actor
1136,Tatsuya Nakadai,4,1,Actor
1137,Tatum O'Neal,4,1,Actor
1138,Terence Alexander,1,0,Actor
1139,Teresa Palmer,6,2,Actor
1140,Teresa Wright,9,7,Actor
1141,Teri Garr,9,2,Actor
1142,Teri Hatcher,1,0,Actor
1143,Terrence Howard,2,0,Actor
1144,Tessa Thompson,1,0,Actor
1145,Thandie Newton,7,3,Actor
1146,Thelma Ritter,4,0,Actor
1147,Thomas F. Wilson,1,0,Actor
1148,Thomas Kretschmann,7,3,Actor
1149,Thomas Mitchell,12,4,Actor
1150,Thomasin McKenzie,6,1,Actor
1151,Thora Birch,8,5,Actor
1152,Tilda Swinton,13,3,Actor
1153,Tim Allen,11,3,Actor
1154,Tim Blake Nelson,2,0,Actor
1155,Tim Holt,4,3,Actor
1156,Tim McGraw,2,1,Actor
1157,Tim Robbins,14,2,Actor
1158,Timothy Bottoms,8,2,Actor
1159,Timothy Hutton,6,4,Actor
1160,Timothy Spall,5,0,Actor
1161,Timothée Chalamet,4,1,Actor
1162,Tina Fey,3,2,Actor
1163,Tippi Hedren,1,0,Actor
1164,Tom Berenger,10,5,Actor
1165,Tom Cruise,20,4,Actor
1166,Tom Hanks,75,20,Actor
1167,Tom Hardy,31,12,Actor
1168,Tom Helmore,2,0,Actor
1169,Tom Hulce,11,8,Actor
1170,Tom Murray,2,0,Actor
1171,Tom Prior,5,1,Actor
1172,Tom Sizemore,15,7,Actor
1173,Tom Skerritt,2,1,Actor
1174,Tom Wilkinson,9,2,Actor
1175,Tommy Lee Jones,15,5,Actor
1176,Toni Collette,10,2,Actor
1177,Tony Curtis,6,1,Actor
1178,Tony Hale,2,1,Actor
1179,Tony Lo Bianco,8,5,Actor
1180,Tony Roberts,5,4,Actor
1181,Topol,8,3,Actor
1182,Trevor Howard,6,1,Actor
1183,Trey Parker,1,0,Actor
1184,Tsuyoshi Ihara,4,1,Actor
1185,Tugba Sunguroglu,1,0,Actor
1186,Tyler Hoechlin,6,1,Actor
1187,Tyler Perry,1,0,Actor
1188,Tyrone Power,6,0,Actor
1189,Ulrich Mühe,1,1,Actor
1190,Ulrich Tukur,1,1,Actor
1191,Uma Thurman,8,1,Actor
1192,Valeria Golino,8,4,Actor
1193,Valerie Faris,4,2,Actor
1194,Valerie Hobson,1,0,Actor
1195,Veerle Baetens,1,0,Actor
1196,Vera Miles,5,0,Actor
1197,Vernon Dobtcheff,1,0,Actor
1198,Veronica Cartwright,2,1,Actor
1199,Vicellous Shannon,4,1,Actor
1200,Vicky Jenson,2,1,Actor
1201,Victor Buono,5,1,Actor
1202,Victor Jory,1,0,Actor
1203,Victor Slezak,1,0,Actor
1204,Victoria Horne,2,1,Actor
1205,Viggo Mortensen,24,16,Actor
1206,Vin Diesel,3,0,Actor
1207,Vince Vaughn,2,0,Actor
1208,Vincent Cassel,5,1,Actor
1209,Vincent D'Onofrio,1,0,Actor
1210,Vincent Price,5,1,Actor
1211,Viola Davis,5,1,Actor
1212,Virginia Mayo,1,0,Actor
1213,Vivien Leigh,25,12,Actor
1214,Wallace Ford,2,1,Actor
1215,Walter Connolly,5,5,Actor
1216,Walter Hampden,8,1,Actor
1217,Walter Huston,4,3,Actor
1218,Walter Matthau,12,3,Actor
1219,Walter Slezak,4,0,Actor
1220,Walton Goggins,3,1,Actor
1221,Ward Bond,7,2,Actor
1222,Warren Beatty,10,2,Actor
1223,Warren Clarke,4,0,Actor
1224,Warren Oates,7,5,Actor
1225,Wendell Corey,4,0,Actor
1226,Wendy Crewson,4,1,Actor
1227,Wendy Hiller,8,6,Actor
1228,Wes Bentley,8,5,Actor
1229,Wesley Addy,5,1,Actor
1230,Whoopi Goldberg,11,0,Actor
1231,Wil Wheaton,1,0,Actor
1232,Wilfrid Hyde-White,12,8,Actor
1233,Will Ferrell,1,0,Actor
1234,Will Forte,6,0,Actor
1235,Will Poulter,12,3,Actor
1236,Will Smith,1,0,Actor
1237,Willem Dafoe,16,5,Actor
1238,William Atherton,4,0,Actor
1239,William Bendix,4,0,Actor
1240,William Daniels,7,1,Actor
1241,William H. Lynn,2,1,Actor
1242,William H. Macy,7,2,Actor
1243,William Holden,42,16,Actor
1244,William Keighley,4,3,Actor
1245,William Powell,4,0,Actor
1246,William Sadler,7,0,Actor
1247,William Sylvester,4,1,Actor
1248,Winona Ryder,6,1,Actor
1249,Woody Allen,12,4,Actor
1250,Xolani Mali,3,0,Actor
1251,Yalitza Aparicio,10,3,Actor
1252,Yul Brynner,10,1,Actor
1253,Zach Galifianakis,9,4,Actor
1254,Zach Grenier,1,0,Actor
1255,Zachary Levi,1,0,Actor
1256,Zachary Quinto,5,1,Actor
1257,Zazie Beetz,11,2,Actor
1258,Zoe Saldana,13,3,Actor
1259,Zoë Kravitz,10,6,Actor
