,winner,Genre
0,False,War
1,True,War
2,True,War
3,False,War
4,,War
5,,War
6,,War
7,,War
8,,War
9,,War
10,,War
11,,War
12,,War
13,False,Romance
14,False,Romance
15,True,Romance
16,True,Romance
17,False,Romance
18,False,Romance
19,False,Romance
20,False,Romance
21,False,Romance
22,False,Romance
23,True,Romance
24,False,Romance
25,False,Romance
26,False,Romance
27,True,Romance
28,True,Romance
29,True,Romance
30,True,Romance
31,True,Romance
32,False,Mystery
33,False,Mystery
34,False,Mystery
35,False,Mystery
36,False,Horror
37,False,Action
38,True,Action
39,False,Music
40,False,Music
41,False,Music
42,False,Music
43,False,Music
44,True,Music
45,False,Music
46,False,Music
47,False,Music
48,False,Music
49,False,Music
50,False,Music
51,False,Music
52,False,Music
53,False,Music
54,True,Music
55,False,Music
56,False,Music
57,False,Music
58,False,Music
59,False,Music
60,True,Music
61,False,Music
62,False,Music
63,False,Music
64,False,Sport
65,False,Sport
66,True,Sport
67,False,Sport
68,True,Action
69,True,Action
70,True,Action
71,False,Action
72,False,History
73,True,History
74,False,History
75,True,History
76,True,History
77,True,History
78,True,History
79,True,History
80,False,History
81,True,History
82,False,History
83,False,History
84,True,History
85,False,Comedy
86,False,Comedy
87,False,Comedy
88,False,Comedy
89,False,Comedy
90,False,Comedy
91,False,Comedy
92,False,Comedy
93,False,Comedy
94,True,Comedy
95,False,Comedy
96,True,Western
97,False,Western
98,False,Western
99,False,Western
100,False,Western
101,True,Western
102,False,Western
103,False,Family
104,False,Family
105,True,Family
106,True,Family
107,False,Family
108,False,Family
109,False,War
110,False,War
111,False,War
112,False,War
113,False,War
114,False,History
115,True,History
116,True,History
117,False,History
118,False,History
119,False,History
120,False,History
121,False,Mystery
122,False,Mystery
123,False,Mystery
124,False,Mystery
125,True,Mystery
126,False,Mystery
127,False,Mystery
128,False,Mystery
129,True,Mystery
130,False,Mystery
131,False,Mystery
132,True,Romance
133,False,Romance
134,False,Romance
135,False,Romance
136,False,Romance
137,True,Romance
138,False,Mystery
139,False,Mystery
140,False,Mystery
141,False,Mystery
142,False,Mystery
143,False,Mystery
144,False,Mystery
145,False,Mystery
146,True,Mystery
147,False,Film-Noir
148,False,Film-Noir
149,False,Film-Noir
150,False,Comedy
151,False,Comedy
152,False,War
153,False,War
154,False,War
155,False,War
156,False,War
157,True,War
158,False,War
159,False,War
160,True,War
161,True,War
162,False,Film-Noir
163,False,Film-Noir
164,False,Film-Noir
165,True,Film-Noir
166,False,Film-Noir
167,False,Film-Noir
168,False,Film-Noir
169,False,Film-Noir
170,False,Film-Noir
171,False,Film-Noir
172,False,Film-Noir
173,False,Film-Noir
174,False,Film-Noir
175,False,War
176,False,War
177,False,War
178,False,War
179,False,Sci-Fi
180,False,Sci-Fi
181,False,Sci-Fi
182,False,Sci-Fi
183,False,Sci-Fi
184,True,Film-Noir
185,False,Film-Noir
186,True,Film-Noir
187,False,Film-Noir
188,False,Film-Noir
189,True,Film-Noir
190,True,Film-Noir
191,True,War
192,True,War
193,True,War
194,True,War
195,True,War
196,True,War
197,False,War
198,True,War
199,False,Family
200,False,Family
201,False,Family
202,False,Family
203,False,Family
204,False,Film-Noir
205,False,Film-Noir
206,False,Romance
207,False,Romance
208,False,Romance
209,True,Family
210,False,Family
211,True,Family
212,True,Family
213,True,Drama
214,False,Drama
215,True,Drama
216,True,Drama
217,False,Drama
218,False,Drama
219,True,Drama
220,False,Drama
221,False,Drama
222,False,Drama
223,False,Drama
224,False,Drama
225,False,Drama
226,True,Western
227,True,Western
228,False,Western
229,True,Western
230,True,Action
231,True,Music
232,False,Music
233,True,Music
234,False,Music
235,False,Music
236,False,Action
237,False,Action
238,False,Action
239,False,Film-Noir
240,False,Film-Noir
241,False,Film-Noir
242,False,Film-Noir
243,True,Film-Noir
244,False,Film-Noir
245,False,Film-Noir
246,False,Film-Noir
247,True,Film-Noir
248,False,Film-Noir
249,True,Film-Noir
250,False,Fantasy
251,True,Fantasy
252,True,Film-Noir
253,False,Film-Noir
254,False,Film-Noir
255,True,Romance
256,False,Romance
257,False,Romance
258,False,Romance
259,False,Drama
260,True,Drama
261,True,Drama
262,True,Drama
263,True,Drama
264,False,Drama
265,False,Drama
266,False,Drama
267,False,Drama
268,False,Drama
269,False,Drama
270,False,Drama
271,False,Film-Noir
272,True,Western
273,False,Western
274,True,Western
275,True,Western
276,True,Western
277,False,Western
278,False,Western
279,False,Romance
280,False,Romance
281,True,Romance
282,True,Romance
283,False,Romance
284,False,Romance
285,False,Romance
286,False,Music
287,False,Music
288,False,War
289,False,War
290,True,War
291,False,War
292,True,War
293,True,War
294,False,War
295,True,War
296,True,War
297,False,War
298,True,War
299,True,War
300,True,War
301,True,War
302,False,War
303,False,War
304,False,Romance
305,True,Romance
306,False,Romance
307,False,Romance
308,True,Romance
309,False,Romance
310,False,Romance
311,False,Romance
312,True,Romance
313,False,Romance
314,False,Romance
315,True,Romance
316,False,Romance
317,False,Romance
318,True,Romance
319,True,Romance
320,True,Romance
321,True,Romance
322,True,Romance
323,False,Romance
324,True,Romance
325,True,Romance
326,True,Romance
327,True,Romance
328,True,Romance
329,True,Romance
330,True,Thriller
331,False,Thriller
332,False,Thriller
333,False,Thriller
334,True,Thriller
335,True,Thriller
336,True,Thriller
337,True,Thriller
338,True,Thriller
339,False,Thriller
340,True,Thriller
341,True,Thriller
342,False,Romance
343,False,Romance
344,False,Romance
345,True,Romance
346,False,Romance
347,False,Romance
348,False,Romance
349,False,Romance
350,False,Mystery
351,False,Mystery
352,False,Mystery
353,False,Mystery
354,False,Drama
355,True,Drama
356,False,Drama
357,False,Drama
358,False,Western
359,False,Western
360,False,Western
361,False,Western
362,False,Western
363,True,Western
364,False,Western
365,False,Western
366,False,Western
367,False,Western
368,False,Western
369,False,Western
370,False,Western
371,False,Adventure
372,False,Adventure
373,False,Adventure
374,False,Adventure
375,False,Adventure
376,False,Adventure
377,True,Adventure
378,True,Drama
379,False,Drama
380,False,Crime
381,True,War
382,False,War
383,True,War
384,True,War
385,True,War
386,True,War
387,True,War
388,True,War
389,False,Mystery
390,False,Mystery
391,False,Mystery
392,False,Mystery
393,False,Mystery
394,False,Mystery
395,False,Crime
396,False,Crime
397,False,Crime
398,False,Drama
399,False,Drama
400,False,Drama
401,False,Drama
402,False,Drama
403,False,Drama
404,False,Mystery
405,False,Mystery
406,True,History
407,True,History
408,True,History
409,True,History
410,True,History
411,True,History
412,True,History
413,True,History
414,True,History
415,True,History
416,True,History
417,False,History
418,False,Music
419,False,Music
420,False,Music
421,True,Music
422,False,Music
423,False,Music
424,False,Mystery
425,False,Mystery
426,False,Mystery
427,False,Mystery
428,False,Mystery
429,False,Mystery
430,False,Mystery
431,False,Mystery
432,False,Mystery
433,False,Mystery
434,False,Romance
435,False,Romance
436,False,Romance
437,True,Romance
438,False,Romance
439,True,Romance
440,True,Romance
441,True,Romance
442,False,Romance
443,True,Romance
444,False,History
445,False,History
446,False,History
447,False,History
448,True,Biography
449,True,Biography
450,True,Biography
451,True,Biography
452,False,Biography
453,False,Biography
454,False,Horror
455,False,Horror
456,False,Horror
457,False,Horror
458,False,Sport
459,False,Sport
460,False,Sport
461,False,Sport
462,True,Sport
463,True,Sport
464,False,Sport
465,False,Sport
466,False,Sport
467,True,War
468,False,War
469,False,War
470,False,War
471,False,War
472,False,War
473,False,War
474,False,War
475,False,War
476,False,War
477,True,War
478,False,Romance
479,False,Romance
480,True,Romance
481,True,Romance
482,False,Romance
483,False,Biography
484,False,Biography
485,True,Biography
486,True,Biography
487,True,Biography
488,True,Biography
489,True,Biography
490,True,Biography
491,True,Biography
492,False,Biography
493,True,Crime
494,False,Crime
495,True,Crime
496,False,Crime
497,False,Crime
498,False,Crime
499,False,Crime
500,True,Crime
501,False,Horror
502,False,Horror
503,False,Horror
504,True,Horror
505,False,Horror
506,False,Thriller
507,False,Thriller
508,False,History
509,True,History
510,False,History
511,False,History
512,True,History
513,False,Western
514,False,History
515,False,Mystery
516,True,Mystery
517,False,Horror
518,True,Music
519,False,Music
520,False,Music
521,True,Music
522,True,Music
523,True,Music
524,True,Music
525,False,Music
526,True,Music
527,True,Music
528,True,Music
529,False,Music
530,False,Comedy
531,False,Comedy
532,False,Comedy
533,False,Comedy
534,True,Family
535,False,Family
536,False,Family
537,False,Family
538,False,Family
539,True,Family
540,True,Family
541,False,Family
542,True,Family
543,False,Family
544,False,Family
545,True,Family
546,False,Family
547,False,Music
548,False,Music
549,True,Thriller
550,False,War
551,True,War
552,True,War
553,True,War
554,False,War
555,False,War
556,True,War
557,False,War
558,False,War
559,True,War
560,False,Family
561,False,Family
562,False,Family
563,False,Family
564,False,Family
565,True,Family
566,True,Family
567,True,Family
568,True,Family
569,True,Family
570,False,Drama
571,False,Drama
572,True,Drama
573,True,Drama
574,True,Drama
575,True,Drama
576,True,Drama
577,False,Drama
578,False,Drama
579,False,Drama
580,False,Drama
581,False,Drama
582,False,Drama
583,True,History
584,False,History
585,False,History
586,True,History
587,True,History
588,True,History
589,True,History
590,True,History
591,False,Action
592,False,Action
593,False,Action
594,False,Action
595,True,Action
596,True,Action
597,False,Action
598,False,Action
599,False,Action
600,False,Action
601,False,Romance
602,False,Romance
603,False,Romance
604,False,Romance
605,True,Romance
606,False,Romance
607,False,Romance
608,False,Crime
609,True,Crime
610,False,Crime
611,False,Crime
612,True,Mystery
613,False,Mystery
614,True,Mystery
615,True,Mystery
616,True,Mystery
617,False,Mystery
618,True,Mystery
619,False,Comedy
620,False,Comedy
621,True,Comedy
622,False,Comedy
623,False,Comedy
624,False,Comedy
625,False,Comedy
626,False,Comedy
627,False,Comedy
628,True,Comedy
629,False,War
630,False,War
631,False,War
632,True,War
633,False,Animation
634,True,Animation
635,False,Thriller
636,False,History
637,True,History
638,False,History
639,False,History
640,True,History
641,False,History
642,True,History
643,True,Horror
644,False,Horror
645,False,Sci-Fi
646,False,Sci-Fi
647,True,Sci-Fi
648,False,Sci-Fi
649,False,Sci-Fi
650,False,Sci-Fi
651,False,Comedy
652,False,Comedy
653,False,Drama
654,False,Drama
655,False,Drama
656,True,Drama
657,False,Drama
658,True,Drama
659,True,Drama
660,True,Western
661,False,Western
662,False,Western
663,False,Western
664,False,Western
665,False,Western
666,False,Western
667,False,Western
668,False,Western
669,False,Western
670,False,Western
671,False,Western
672,True,Crime
673,False,Crime
674,True,Crime
675,True,Crime
676,False,Crime
677,False,Crime
678,True,Crime
679,False,Western
680,False,Western
681,True,War
682,True,War
683,False,War
684,True,War
685,True,War
686,False,War
687,True,War
688,True,War
689,False,War
690,True,War
691,True,Action
692,False,Action
693,False,Action
694,True,Action
695,True,Action
696,True,Action
697,False,Action
698,True,Action
699,False,Music
700,False,Music
701,False,Music
702,True,Music
703,False,Music
704,True,Music
705,False,Music
706,True,Music
707,False,Romance
708,True,Romance
709,False,Romance
710,True,Romance
711,False,Romance
712,False,Romance
713,False,Romance
714,False,Romance
715,False,Sci-Fi
716,False,Sci-Fi
717,False,Sci-Fi
718,False,Sci-Fi
719,True,Crime
720,False,Crime
721,False,Crime
722,False,Crime
723,False,Crime
724,False,Crime
725,False,Crime
726,False,Crime
727,True,Crime
728,False,Crime
729,True,Crime
730,False,Mystery
731,False,Mystery
732,False,Mystery
733,False,Mystery
734,True,Music
735,True,Music
736,True,Music
737,True,Music
738,True,Music
739,True,Music
740,True,Music
741,False,Music
742,True,Music
743,False,Music
744,False,Thriller
745,False,Thriller
746,False,Thriller
747,False,History
748,False,History
749,False,History
750,False,Crime
751,False,Crime
752,False,Crime
753,True,Crime
754,False,Crime
755,True,Crime
756,True,Crime
757,True,Crime
758,True,Crime
759,True,Crime
760,False,Crime
761,True,Crime
762,False,Horror
763,False,Horror
764,False,Horror
765,False,Horror
766,False,Horror
767,False,Horror
768,False,Horror
769,False,Horror
770,True,Horror
771,True,Horror
772,False,Crime
773,True,Crime
774,False,Crime
775,False,Crime
776,False,Thriller
777,False,Crime
778,False,Mystery
779,False,Mystery
780,False,Mystery
781,False,Mystery
782,False,Mystery
783,False,Mystery
784,False,Mystery
785,False,Mystery
786,False,Mystery
787,False,Mystery
788,True,Mystery
789,False,Western
790,False,Western
791,False,Western
792,True,Family
793,False,Family
794,False,Family
795,False,Mystery
796,False,Mystery
797,False,Mystery
798,False,Comedy
799,False,Comedy
800,False,Crime
801,False,Crime
802,False,Crime
803,False,Crime
804,False,Crime
805,True,Crime
806,True,History
807,True,History
808,True,History
809,False,History
810,True,History
811,False,History
812,False,History
813,False,War
814,False,War
815,False,War
816,False,War
817,True,Thriller
818,True,Thriller
819,False,Thriller
820,True,Thriller
821,False,Drama
822,False,Drama
823,True,Drama
824,False,Drama
825,False,Drama
826,False,Drama
827,False,Crime
828,False,Crime
829,False,Crime
830,False,Crime
831,True,Drama
832,False,Drama
833,False,Drama
834,True,Drama
835,True,Drama
836,False,Drama
837,False,Drama
838,False,Drama
839,False,Drama
840,True,Drama
841,False,Sport
842,False,Sport
843,False,Sport
844,False,Sport
845,True,Sport
846,True,Sport
847,False,Sport
848,True,Sport
849,False,Sport
850,False,Sport
851,True,History
852,False,History
853,True,History
854,False,History
855,False,History
856,False,History
857,True,History
858,True,History
859,False,Horror
860,False,Horror
861,True,Horror
862,False,Horror
863,True,Horror
864,True,Horror
865,True,Horror
866,False,Western
867,False,Romance
868,True,Romance
869,True,Romance
870,True,Romance
871,True,Romance
872,False,Fantasy
873,True,Fantasy
874,True,Fantasy
875,False,Fantasy
876,True,Fantasy
877,True,Fantasy
878,False,Fantasy
879,True,Fantasy
880,True,Fantasy
881,False,Fantasy
882,False,Sci-Fi
883,False,Sci-Fi
884,True,Sci-Fi
885,False,Sci-Fi
886,False,Sci-Fi
887,False,Sci-Fi
888,False,Sci-Fi
889,False,Sci-Fi
890,True,Sci-Fi
891,False,War
892,True,War
893,False,War
894,False,War
895,True,War
896,True,War
897,True,War
898,True,War
899,False,War
900,False,Crime
901,False,Crime
902,False,Crime
903,True,Crime
904,False,Crime
905,True,Crime
906,True,Romance
907,False,Romance
908,False,Romance
909,False,Romance
910,True,Drama
911,False,Drama
912,False,Drama
913,True,Drama
914,False,Drama
915,True,Drama
916,False,Drama
917,True,Drama
918,True,Drama
919,False,Music
920,True,Music
921,False,Music
922,True,Music
923,False,Music
924,True,Music
925,True,Music
926,False,Music
927,False,Music
928,False,Comedy
929,True,Comedy
930,False,Mystery
931,False,Mystery
932,True,Mystery
933,False,Mystery
934,False,Mystery
935,False,Mystery
936,True,Mystery
937,False,Mystery
938,False,Romance
939,False,Romance
940,False,Horror
941,True,Horror
942,False,Family
943,False,Family
944,True,Sport
945,False,Sport
946,False,Sport
947,False,Sport
948,False,Sport
949,True,Sport
950,False,Sport
951,False,Sport
952,False,Biography
953,False,Biography
954,False,Biography
955,False,Biography
956,False,Biography
957,False,Biography
958,False,Biography
959,False,Biography
960,False,Drama
961,True,Drama
962,False,Drama
963,True,Drama
964,True,Drama
965,True,Drama
966,True,Drama
967,True,Drama
968,False,Drama
969,False,Drama
970,False,Drama
971,False,Drama
972,False,Drama
973,False,Drama
974,False,Drama
975,True,Drama
976,True,Action
977,False,Action
978,False,Action
979,True,Action
980,False,Action
981,False,Action
982,True,Action
983,True,Action
984,True,Action
985,True,History
986,True,History
987,True,History
988,True,History
989,True,History
990,True,History
991,False,History
992,False,History
993,True,History
994,False,History
995,True,History
996,False,Drama
997,False,Drama
998,False,Drama
999,False,Drama
1000,False,Drama
1001,False,Sci-Fi
1002,False,Sci-Fi
1003,False,Thriller
1004,False,Thriller
1005,False,Thriller
1006,False,Thriller
1007,False,Thriller
1008,False,Thriller
1009,False,Biography
1010,False,Biography
1011,False,Biography
1012,True,Biography
1013,True,Biography
1014,False,Biography
1015,True,Biography
1016,True,Biography
1017,False,Comedy
1018,False,Comedy
1019,True,History
1020,False,History
1021,True,History
1022,False,History
1023,True,History
1024,True,History
1025,False,History
1026,True,History
1027,True,History
1028,True,History
1029,True,History
1030,False,History
1031,True,History
1032,True,History
1033,False,History
1034,True,History
1035,False,History
1036,False,History
1037,False,Fantasy
1038,False,Fantasy
1039,True,Animation
1040,True,Animation
1041,True,Animation
1042,False,Animation
1043,False,Animation
1044,False,Animation
1045,False,Drama
1046,False,Drama
1047,False,Drama
1048,False,Drama
1049,False,Drama
1050,False,Drama
1051,False,Drama
1052,False,Drama
1053,False,Drama
1054,False,Drama
1055,False,Drama
1056,False,War
1057,False,War
1058,True,War
1059,False,War
1060,False,Sci-Fi
1061,False,Sci-Fi
1062,True,Sci-Fi
1063,False,Sci-Fi
1064,False,Fantasy
1065,False,War
1066,False,War
1067,False,War
1068,True,War
1069,True,War
1070,True,War
1071,True,War
1072,False,War
1073,True,Comedy
1074,True,Comedy
1075,False,Comedy
1076,False,Comedy
1077,False,Comedy
1078,False,Comedy
1079,True,Comedy
1080,False,Sci-Fi
1081,False,Sci-Fi
1082,False,Sci-Fi
1083,False,Sci-Fi
1084,False,Sci-Fi
1085,True,Sci-Fi
1086,True,Sci-Fi
1087,False,Mystery
1088,False,Adventure
1089,True,Thriller
1090,False,Thriller
1091,False,Thriller
1092,False,Thriller
1093,False,History
1094,False,History
1095,False,History
1096,False,History
1097,False,History
1098,False,History
1099,True,History
1100,True,History
1101,True,History
1102,True,History
1103,True,History
1104,True,History
1105,True,History
1106,True,History
1107,True,History
1108,False,Family
1109,False,Thriller
1110,False,Sci-Fi
1111,False,War
1112,False,History
1113,False,History
1114,True,History
1115,False,History
1116,False,History
1117,False,History
1118,False,History
1119,True,Drama
1120,False,Drama
1121,False,Drama
1122,True,Drama
1123,False,Drama
1124,False,Drama
1125,True,Drama
1126,True,Drama
1127,False,Animation
1128,False,Animation
1129,True,Animation
1130,False,Animation
1131,True,Animation
1132,True,Animation
1133,False,Thriller
1134,False,Thriller
1135,False,Thriller
1136,False,Thriller
1137,False,Comedy
1138,False,Comedy
1139,False,Comedy
1140,True,Comedy
1141,False,Comedy
1142,False,Comedy
1143,False,Comedy
1144,False,Comedy
1145,False,Comedy
1146,True,History
1147,False,History
1148,True,History
1149,False,History
1150,True,History
1151,False,Action
1152,False,Action
1153,True,Action
1154,True,Animation
1155,False,Animation
1156,True,Animation
1157,False,Sci-Fi
1158,False,Romance
1159,False,Biography
1160,False,Biography
1161,False,Biography
1162,True,Thriller
1163,False,Fantasy
1164,False,Family
1165,False,Family
1166,False,Thriller
1167,False,Thriller
1168,True,Thriller
1169,True,Thriller
1170,True,Thriller
1171,False,Thriller
1172,True,Thriller
1173,False,Thriller
1174,True,Thriller
1175,False,History
1176,True,History
1177,False,History
1178,True,History
1179,False,History
1180,False,History
1181,False,History
1182,False,History
1183,False,Thriller
1184,False,Thriller
1185,False,Thriller
1186,False,Drama
1187,False,Drama
1188,False,Sci-Fi
1189,False,Sci-Fi
1190,True,Sci-Fi
1191,True,Sci-Fi
1192,True,Sci-Fi
1193,True,Sci-Fi
1194,True,Animation
1195,False,Animation
1196,True,Animation
1197,False,Animation
1198,False,Animation
1199,False,Animation
1200,False,Animation
1201,False,Animation
1202,False,Western
1203,True,Western
1204,False,Western
1205,False,Western
1206,True,Western
1207,True,Western
1208,True,Western
1209,False,Western
1210,False,Western
1211,False,Thriller
1212,False,Thriller
1213,False,Thriller
1214,False,Thriller
1215,False,Mystery
1216,True,Crime
1217,True,Animation
1218,False,Animation
1219,True,Animation
1220,False,Animation
1221,False,Animation
1222,False,Crime
1223,False,Crime
1224,False,Crime
1225,False,Crime
1226,False,Crime
1227,False,Crime
1228,False,Crime
1229,True,Drama
1230,False,Drama
1231,False,Drama
1232,True,Drama
1233,False,Drama
1234,False,Romance
1235,False,Romance
1236,False,Romance
1237,False,Romance
1238,False,Romance
1239,False,Romance
1240,False,Romance
1241,False,Romance
1242,False,History
1243,False,History
1244,True,History
1245,True,History
1246,False,History
1247,True,History
1248,True,History
1249,False,History
1250,True,History
1251,True,History
1252,False,History
1253,True,History
1254,False,Drama
1255,True,Action
1256,False,Action
1257,False,Action
1258,False,Action
1259,False,Action
1260,False,Action
1261,False,Action
1262,False,Comedy
1263,True,Sci-Fi
1264,True,Sci-Fi
1265,True,Sci-Fi
1266,False,Drama
1267,False,Drama
1268,False,Drama
1269,False,Drama
1270,False,Drama
1271,False,Drama
1272,False,Drama
1273,True,Romance
1274,False,Romance
1275,False,Romance
1276,False,Romance
1277,True,Romance
1278,True,Romance
1279,False,Romance
1280,False,Romance
1281,True,Romance
1282,False,Romance
1283,False,Romance
1284,True,Romance
1285,True,Romance
1286,False,Crime
1287,False,Crime
1288,False,Crime
1289,False,Crime
1290,False,Crime
1291,False,Crime
1292,True,Crime
1293,True,Comedy
1294,True,Comedy
1295,True,Animation
1296,True,Animation
1297,False,Animation
1298,False,Animation
1299,False,Animation
1300,False,History
1301,False,History
1302,False,History
1303,True,History
1304,False,History
1305,False,History
1306,True,History
1307,False,History
1308,False,History
1309,True,Mystery
1310,True,Mystery
1311,False,Crime
1312,False,Romance
1313,False,Romance
1314,False,Romance
1315,False,Romance
1316,False,Romance
1317,False,Romance
1318,False,Romance
1319,True,Romance
1320,False,Family
1321,False,Family
1322,True,History
1323,False,History
1324,True,History
1325,False,History
1326,True,History
1327,False,History
1328,True,History
1329,False,History
1330,True,History
1331,False,History
1332,False,Animation
1333,False,Animation
1334,False,Animation
1335,True,Music
1336,False,Music
1337,False,Music
1338,False,Music
1339,False,Music
1340,False,Music
1341,False,Music
1342,False,Drama
1343,True,Drama
1344,False,Thriller
1345,True,Thriller
1346,False,Thriller
1347,False,Thriller
1348,False,Thriller
1349,False,Thriller
1350,True,Thriller
1351,False,Mystery
1352,False,Comedy
1353,False,Comedy
1354,False,Comedy
1355,False,Comedy
1356,False,Comedy
1357,False,Drama
1358,False,Thriller
1359,False,Drama
1360,False,Romance
1361,True,Romance
1362,False,Romance
1363,False,Romance
1364,False,Romance
1365,False,Romance
1366,False,Romance
1367,False,Romance
1368,True,Romance
1369,True,Romance
1370,False,Romance
1371,True,Romance
1372,False,Romance
1373,False,Romance
1374,False,Romance
1375,False,Romance
1376,False,Drama
1377,False,Drama
1378,False,Drama
1379,True,Mystery
1380,False,Mystery
1381,False,Mystery
1382,False,Mystery
1383,False,Mystery
1384,False,Mystery
1385,False,Mystery
1386,False,Mystery
1387,True,Mystery
1388,False,Sci-Fi
1389,False,Sci-Fi
1390,False,Crime
1391,False,War
1392,False,War
1393,True,War
1394,True,War
1395,True,War
1396,False,War
1397,False,War
1398,False,War
1399,True,War
1400,True,War
1401,False,War
1402,False,Drama
1403,False,Comedy
1404,False,Comedy
1405,False,Comedy
1406,False,War
1407,False,War
1408,False,War
1409,False,War
1410,False,War
1411,False,War
1412,False,War
1413,False,Animation
1414,False,Animation
1415,False,Animation
1416,False,Thriller
1417,False,Thriller
1418,False,Thriller
1419,False,Thriller
1420,False,Thriller
1421,False,Thriller
1422,False,Thriller
1423,False,Biography
1424,True,Drama
1425,False,Drama
1426,True,Drama
1427,True,Drama
1428,False,Drama
1429,False,Drama
1430,True,Drama
1431,True,Drama
1432,False,Drama
1433,False,Drama
1434,False,Drama
1435,False,Fantasy
1436,False,Fantasy
1437,False,Fantasy
1438,False,Fantasy
1439,False,Mystery
1440,False,Mystery
1441,False,Mystery
1442,False,Mystery
1443,False,Mystery
1444,False,Mystery
1445,False,Fantasy
1446,False,Fantasy
1447,False,Fantasy
1448,True,Sci-Fi
1449,True,Sci-Fi
1450,True,Sci-Fi
1451,True,Sci-Fi
1452,False,Animation
1453,False,Animation
1454,False,Drama
1455,True,Action
1456,False,Action
1457,False,Action
1458,False,Action
1459,True,Action
1460,False,Action
1461,False,Action
1462,False,Action
1463,True,Action
1464,True,Action
1465,True,Action
1466,False,Action
1467,False,Romance
1468,False,Romance
1469,False,Drama
1470,False,Comedy
1471,False,Comedy
1472,False,Comedy
1473,True,Comedy
1474,False,Music
1475,False,Music
1476,False,Music
1477,False,Crime
1478,False,Crime
1479,False,Music
1480,False,Biography
1481,True,Biography
1482,True,Biography
1483,False,Biography
1484,False,Biography
1485,False,Biography
1486,True,Biography
1487,True,Biography
1488,False,Drama
1489,True,Thriller
1490,False,Thriller
1491,False,Action
1492,False,Action
1493,True,Action
1494,False,Action
1495,False,Action
1496,False,Action
1497,True,Action
1498,True,Action
1499,False,Action
1500,False,Action
1501,False,Action
1502,True,Action
1503,False,Action
1504,False,Animation
1505,False,Animation
1506,True,Animation
1507,False,Animation
1508,True,Animation
1509,False,Animation
1510,False,Romance
1511,False,Romance
1512,False,Romance
1513,False,Romance
1514,False,Romance
1515,False,Family
1516,False,Family
1517,False,Family
1518,False,War
1519,False,War
1520,True,War
1521,True,War
1522,False,Mystery
1523,False,Mystery
1524,True,War
1525,False,Comedy
1526,True,Music
1527,False,Music
1528,False,Music
1529,True,Music
1530,False,Music
1531,False,Music
1532,True,Music
1533,False,Thriller
1534,False,Thriller
1535,True,Thriller
1536,False,Thriller
1537,False,Thriller
1538,False,Thriller
1539,False,Crime
1540,False,Crime
1541,False,Action
1542,False,Action
1543,False,Action
1544,False,Action
1545,True,Action
1546,True,Action
1547,False,Mystery
1548,False,Fantasy
1549,False,Fantasy
1550,False,Fantasy
1551,False,Fantasy
1552,False,Fantasy
1553,False,Comedy
1554,False,Comedy
1555,False,Comedy
1556,True,Comedy
1557,True,Mystery
1558,True,Mystery
1559,False,Mystery
1560,False,Mystery
1561,False,Mystery
1562,False,Mystery
1563,False,Thriller
1564,False,Thriller
1565,False,Drama
1566,False,Drama
1567,False,Drama
1568,False,Action
1569,False,Action
1570,False,Action
1571,False,Action
1572,True,Animation
1573,False,Animation
1574,False,Animation
1575,False,Animation
1576,True,Action
1577,True,Action
1578,True,Action
1579,True,Action
1580,True,Action
1581,True,Action
1582,True,Action
1583,True,Action
1584,True,Action
1585,True,Action
1586,True,Action
1587,False,Fantasy
1588,False,History
1589,False,History
1590,False,History
1591,False,Family
1592,False,Family
1593,False,Family
1594,False,Family
1595,True,Family
1596,False,Family
1597,False,Family
1598,False,Sport
1599,True,Sport
1600,True,Sport
1601,True,Sport
1602,False,Sport
1603,True,Sport
1604,False,Sport
1605,True,Music
1606,False,Music
1607,False,Music
1608,False,Music
1609,False,Music
1610,True,Music
1611,False,Sci-Fi
1612,True,Sci-Fi
1613,True,Animation
1614,True,Animation
1615,False,Animation
1616,False,Animation
1617,False,Family
1618,False,Family
1619,False,Romance
1620,False,Romance
1621,False,Romance
1622,False,Romance
1623,False,Romance
1624,True,Romance
1625,True,Romance
1626,False,Romance
1627,True,Romance
1628,False,Music
1629,True,Music
1630,False,Music
1631,False,Music
1632,False,Music
1633,False,Thriller
1634,False,Thriller
1635,True,Thriller
1636,False,Thriller
1637,True,Thriller
1638,True,Thriller
1639,False,History
1640,False,History
1641,False,History
1642,False,Romance
1643,False,Romance
1644,False,Romance
1645,False,Romance
1646,False,Family
1647,False,Action
1648,False,Music
1649,False,Thriller
1650,False,Thriller
1651,False,Thriller
1652,False,Thriller
1653,False,Thriller
1654,False,Thriller
1655,False,Biography
1656,True,History
1657,True,Comedy
1658,False,Comedy
1659,False,Comedy
1660,True,Comedy
1661,False,Thriller
1662,True,Thriller
1663,True,Thriller
1664,True,Thriller
1665,True,Thriller
1666,True,Fantasy
1667,True,Fantasy
1668,False,Fantasy
1669,True,Fantasy
1670,False,Fantasy
1671,False,Fantasy
1672,False,Sci-Fi
1673,False,Sci-Fi
1674,False,Sci-Fi
1675,False,Sci-Fi
1676,False,Sci-Fi
1677,False,Fantasy
1678,False,Fantasy
1679,False,Action
1680,False,Action
1681,True,Action
1682,False,Action
1683,True,Mystery
1684,False,Action
1685,False,Action
1686,False,Action
1687,True,Drama
1688,False,Drama
1689,True,Drama
1690,False,Drama
1691,False,Drama
1692,False,Drama
1693,False,Drama
1694,False,Drama
1695,False,Action
1696,True,Thriller
1697,False,Thriller
1698,True,Thriller
1699,False,Thriller
1700,True,Thriller
1701,False,Thriller
1702,False,Thriller
1703,True,Thriller
1704,False,Biography
1705,False,Biography
1706,False,Crime
1707,False,Crime
1708,False,Mystery
1709,False,Mystery
1710,False,Mystery
1711,False,Mystery
1712,True,Mystery
1713,False,Mystery
1714,False,Mystery
1715,False,Mystery
1716,False,Animation
1717,True,Animation
1718,False,Animation
1719,False,Animation
1720,False,Animation
1721,False,Animation
1722,True,Mystery
1723,True,Mystery
1724,True,Mystery
1725,False,Action
1726,False,Action
1727,True,Music
1728,False,Drama
1729,False,History
1730,False,History
1731,False,History
1732,False,History
1733,False,History
1734,False,Fantasy
1735,False,Fantasy
1736,True,Fantasy
1737,False,Fantasy
1738,False,Fantasy
1739,False,Fantasy
1740,False,Fantasy
1741,True,Fantasy
1742,False,Fantasy
1743,False,Fantasy
1744,False,Fantasy
1745,True,Fantasy
1746,False,Fantasy
1747,False,Sport
1748,False,Sport
1749,True,Action
1750,False,Action
1751,False,Action
1752,False,Action
1753,False,Action
1754,True,Action
1755,False,Action
1756,False,Action
1757,False,Crime
1758,False,Crime
1759,False,Crime
1760,True,Romance
1761,True,Romance
1762,True,Romance
1763,True,Romance
1764,True,Romance
1765,False,Romance
1766,True,Romance
1767,False,Romance
1768,True,Romance
1769,True,Romance
1770,False,Sci-Fi
1771,False,Sci-Fi
1772,False,Crime
1773,True,War
1774,False,War
1775,False,War
1776,False,War
1777,False,War
1778,False,War
1779,False,War
1780,False,War
1781,True,Sport
1782,False,Sport
1783,False,Animation
1784,False,Animation
1785,False,Animation
1786,False,Animation
1787,True,Fantasy
1788,True,Fantasy
1789,False,Fantasy
1790,False,Fantasy
1791,False,Fantasy
1792,False,Fantasy
1793,False,Fantasy
1794,False,Fantasy
1795,True,Fantasy
1796,False,Mystery
1797,False,Mystery
1798,False,Family
1799,False,Sci-Fi
1800,False,Sci-Fi
1801,False,Sci-Fi
1802,False,Sci-Fi
1803,True,Sci-Fi
1804,False,Sci-Fi
1805,False,Sci-Fi
1806,False,Sci-Fi
1807,False,Biography
1808,False,Biography
1809,False,Biography
1810,True,Biography
1811,True,Biography
1812,False,Biography
1813,False,Biography
1814,True,Biography
1815,True,History
1816,False,History
1817,False,History
1818,False,History
1819,False,History
1820,False,History
1821,True,History
1822,False,History
1823,False,History
1824,True,History
1825,False,History
1826,True,History
1827,True,Sport
1828,False,Sport
1829,True,Sport
1830,False,Sport
1831,False,Sport
1832,False,Sport
1833,False,Sport
1834,True,Thriller
1835,False,Thriller
1836,False,Thriller
1837,False,Thriller
1838,False,Thriller
1839,False,Animation
1840,False,Animation
1841,True,Animation
1842,True,Animation
1843,False,Animation
1844,False,Animation
1845,False,Animation
1846,False,Sci-Fi
1847,True,Sci-Fi
1848,False,Sci-Fi
1849,False,Sci-Fi
1850,True,Sci-Fi
1851,True,Sci-Fi
1852,True,Sci-Fi
1853,False,Sci-Fi
1854,False,Mystery
1855,False,Animation
1856,True,Romance
1857,False,Romance
1858,False,Romance
1859,False,Romance
1860,True,Romance
1861,True,Romance
1862,False,Romance
1863,True,Romance
1864,True,Romance
1865,False,Romance
1866,False,Sport
1867,False,Sport
1868,False,Sport
1869,False,Sport
1870,False,Sport
1871,False,Sport
1872,False,Sport
1873,False,Drama
1874,False,Drama
1875,True,Drama
1876,False,Drama
1877,False,Mystery
1878,False,Mystery
1879,True,Mystery
1880,False,Mystery
1881,False,Mystery
1882,False,Fantasy
1883,False,Fantasy
1884,False,Fantasy
1885,True,Fantasy
1886,False,Crime
1887,False,Romance
1888,False,Romance
1889,True,Romance
1890,False,Romance
1891,False,Romance
1892,False,Romance
1893,False,Romance
1894,False,Romance
1895,False,Thriller
1896,True,Thriller
1897,False,Thriller
1898,True,Thriller
1899,False,Thriller
1900,False,Thriller
1901,True,Thriller
1902,True,Western
1903,False,Western
1904,False,Western
1905,False,Western
1906,True,Western
1907,False,Romance
1908,False,Romance
1909,True,Romance
1910,False,Romance
1911,False,Romance
1912,False,Animation
1913,True,Fantasy
1914,True,Fantasy
1915,False,Fantasy
1916,True,Fantasy
1917,False,Fantasy
1918,False,Fantasy
1919,False,Fantasy
1920,False,Fantasy
1921,False,Fantasy
1922,True,Fantasy
1923,False,Fantasy
1924,False,Thriller
1925,False,Thriller
1926,True,Thriller
1927,True,Thriller
1928,False,Thriller
1929,False,Fantasy
1930,False,Fantasy
1931,False,Fantasy
1932,False,Romance
1933,False,Comedy
1934,False,Comedy
1935,False,Comedy
1936,False,Comedy
1937,False,Comedy
1938,False,Comedy
1939,False,Crime
1940,False,Crime
1941,False,Crime
1942,False,Crime
1943,False,Crime
1944,False,History
1945,False,History
1946,True,History
1947,False,History
1948,False,History
1949,False,History
1950,True,History
1951,False,History
1952,True,History
1953,True,Biography
1954,True,Biography
1955,False,Biography
1956,True,Biography
1957,False,Biography
1958,False,Biography
1959,False,Crime
1960,False,Crime
1961,False,Crime
1962,False,Crime
1963,False,Crime
1964,False,Crime
1965,False,Sci-Fi
1966,True,Sci-Fi
1967,True,Sci-Fi
1968,True,Sci-Fi
1969,True,Sci-Fi
1970,False,Sci-Fi
1971,False,Sci-Fi
1972,True,Sci-Fi
1973,True,Sci-Fi
1974,True,Sci-Fi
1975,False,Comedy
1976,False,Comedy
1977,False,Comedy
1978,False,Comedy
1979,False,Mystery
1980,False,Music
1981,False,Sci-Fi
1982,False,Sci-Fi
1983,False,Sci-Fi
1984,False,Sci-Fi
1985,True,Sci-Fi
1986,False,Fantasy
1987,False,Fantasy
1988,False,Fantasy
1989,False,Sci-Fi
1990,False,Romance
1991,False,Thriller
1992,False,Thriller
1993,False,Thriller
1994,False,Thriller
1995,False,Thriller
1996,False,Thriller
1997,False,Thriller
1998,True,Thriller
1999,False,Comedy
2000,False,Comedy
2001,False,Comedy
2002,True,Comedy
2003,True,Comedy
2004,True,Comedy
2005,False,Comedy
2006,False,Comedy
2007,True,Comedy
2008,True,Romance
2009,False,Romance
2010,False,Romance
2011,False,Romance
2012,False,Romance
2013,False,Drama
2014,True,Drama
2015,False,Drama
2016,False,Drama
2017,False,Drama
2018,False,Drama
2019,True,Music
2020,True,Music
2021,False,Music
2022,True,Music
2023,False,Music
2024,False,Mystery
2025,True,Animation
2026,False,Animation
2027,False,Animation
2028,False,Crime
2029,True,Crime
2030,False,Crime
2031,False,Crime
2032,True,Crime
2033,True,Crime
2034,False,Crime
2035,True,Crime
2036,False,Crime
2037,False,Action
2038,False,Action
2039,False,Sci-Fi
2040,False,Sci-Fi
2041,False,Sci-Fi
2042,False,Sci-Fi
2043,True,Sci-Fi
2044,False,Animation
2045,False,Sci-Fi
2046,False,Action
2047,False,Sci-Fi
2048,False,Thriller
2049,False,Sci-Fi
2050,False,Sci-Fi
2051,False,Sci-Fi
2052,False,Sci-Fi
2053,False,Sci-Fi
2054,False,Sci-Fi
2055,False,Sci-Fi
2056,True,Action
2057,False,Action
2058,True,Action
2059,False,Action
2060,True,Action
2061,False,Action
2062,False,Action
2063,False,Action
2064,False,Action
2065,False,Action
2066,False,Action
2067,False,Action
2068,False,Comedy
2069,False,Comedy
2070,False,Comedy
2071,False,Comedy
2072,True,Comedy
2073,False,Crime
2074,False,Crime
2075,False,Crime
2076,False,Crime
2077,True,Crime
2078,True,Crime
2079,True,History
2080,False,History
2081,False,History
2082,False,History
2083,False,History
2084,False,History
2085,False,Sport
2086,True,Thriller
2087,False,Thriller
2088,False,Thriller
2089,False,Thriller
2090,False,Mystery
2091,False,Mystery
2092,True,Mystery
2093,True,Animation
2094,False,Animation
2095,False,Sci-Fi
2096,True,Sci-Fi
2097,False,Sci-Fi
2098,True,Sci-Fi
2099,True,Sci-Fi
2100,False,Sci-Fi
2101,True,Sci-Fi
2102,True,Sci-Fi
2103,True,Sci-Fi
2104,False,Sci-Fi
2105,False,Action
2106,False,Action
2107,False,Action
2108,False,Drama
2109,True,Sci-Fi
2110,False,Sci-Fi
2111,False,History
2112,True,Drama
2113,False,Drama
2114,False,Drama
2115,False,Drama
2116,False,Drama
2117,True,Drama
2118,False,History
2119,False,History
2120,True,History
2121,False,History
2122,False,History
2123,True,History
2124,False,Music
2125,True,Music
2126,True,Music
2127,False,Music
2128,True,Music
2129,False,Music
2130,True,Music
2131,False,Music
2132,True,Music
2133,False,Music
2134,True,Music
2135,False,Music
2136,False,Music
2137,False,Music
2138,False,Comedy
2139,False,Action
2140,False,Action
2141,False,Action
2142,False,Action
2143,False,Biography
2144,False,Biography
2145,False,Biography
2146,False,Biography
2147,False,Biography
2148,False,Biography
2149,False,History
2150,False,History
2151,False,History
2152,False,Animation
2153,False,Animation
2154,False,Animation
2155,False,Animation
2156,True,Animation
2157,False,Sci-Fi
2158,False,Sci-Fi
2159,False,Sci-Fi
2160,False,Sci-Fi
2161,False,Sci-Fi
2162,True,Sci-Fi
2163,False,Sci-Fi
2164,False,Sci-Fi
2165,False,Romance
2166,False,Romance
2167,False,Romance
2168,True,Romance
2169,False,Horror
2170,False,Horror
2171,False,Horror
2172,True,Horror
2173,False,Drama
2174,True,Animation
2175,True,Animation
2176,False,Animation
2177,True,Mystery
2178,False,Mystery
2179,False,Mystery
2180,False,Mystery
2181,True,Mystery
2182,False,History
2183,False,History
2184,True,History
2185,False,History
2186,False,History
2187,False,History
2188,True,History
2189,True,History
2190,False,Action
2191,False,Action
2192,False,Action
2193,False,Family
2194,False,Action
2195,False,Sci-Fi
2196,True,Music
2197,True,Music
2198,False,Music
2199,True,Music
2200,True,Music
2201,False,Comedy
2202,True,Comedy
2203,False,Comedy
2204,True,Comedy
2205,True,Comedy
2206,False,Drama
2207,False,Drama
2208,True,Drama
2209,True,Drama
2210,True,Drama
2211,False,Drama
2212,False,Drama
2213,False,Drama
2214,False,Drama
2215,False,Drama
2216,False,Animation
2217,False,Animation
2218,False,Animation
2219,True,Animation
2220,False,Sci-Fi
2221,False,Romance
2222,False,Romance
2223,True,Romance
2224,False,Romance
2225,False,Romance
2226,False,Romance
2227,True,Thriller
2228,False,Thriller
2229,False,Thriller
2230,False,Thriller
2231,False,Thriller
2232,False,Thriller
2233,True,Thriller
2234,False,Thriller
2235,False,Thriller
2236,False,Thriller
2237,False,Thriller
2238,False,Crime
2239,False,Crime
2240,False,Crime
2241,False,Crime
2242,False,Crime
2243,False,Crime
2244,False,Crime
2245,False,Crime
2246,False,Crime
2247,False,Crime
2248,False,War
2249,False,War
2250,False,War
2251,False,War
2252,False,War
2253,True,War
2254,False,Animation
2255,True,Animation
2256,False,Animation
2257,True,War
2258,False,War
2259,False,War
2260,False,War
2261,False,War
2262,False,War
2263,False,War
2264,True,War
2265,True,War
2266,False,War
2267,True,Action
2268,False,Action
2269,True,Action
2270,False,Action
2271,False,Action
2272,False,Crime
2273,False,Music
2274,False,Music
2275,True,Music
2276,False,Music
2277,True,Music
2278,False,Music
2279,False,History
2280,False,History
2281,False,History
2282,False,History
2283,False,History
2284,False,History
2285,True,Animation
2286,True,Animation
2287,False,Animation
2288,True,Crime
